	S339	S334	S337	S300	S267	S343	S353	S370	S230	S272	S306	S354	S327	S359	S233	S346	S256	S262	S383	S219	S276	S305	S294	S385	S356	S280	S224	S312	S201	S228	S198	S277	S220	S301	S255	S265	S361	S251	S362	S212	S333	S250	S308	S210	S231	S350	S221	S358	S203	S378	S355	S244	S315	S264	S290	S217	S204	S310	S349	S329	S240	S205	S214	S232
S339	0.0	2.379471755146391	2.7293416927977643	2.3290586321788846	0.23003564365294155	1.4251284536516748	1.0478896986712225	0.541651366648576	2.2643622656136184	0.9661174947107556	0.882533075150334	1.102348124533626	2.314453168848358	2.564145563382916	1.0589171413841327	0.7506601700492664	0.731284702907378	1.2564054088230687	3.3296025855320357	2.1479406513842494	2.592719238550729	2.6593531705091658	1.6285110030987116	5.141233964988702	1.2885315766154388	1.176136584155822	2.556351575337898	2.1158378782325333	1.9060607092341153	1.4402206365115124	0.5515596643680507	0.16820215942415814	0.9324257252857397	1.273466186631808	1.7711377250027702	0.4207062273680354	0.1910845329028016	0.4865732532539809	0.3903591074624608	0.6651035829150168	1.4136660716196563	0.580460535357081	0.9433300887837631	0.6623557391862481	1.9608634201247404	1.82449367579591	2.0359235560768534	1.5283885754320239	1.7266232712128597	1.4961987581750416	1.5605112150452765	2.0344885748681256	1.772515369167438	0.27507151860171336	1.7106104355950174	1.0906633708746563	1.3026323391938317	1.3738013846257895	1.729779431776975	0.3925146715072589	3.668264958728175	0.49209484013251964	2.4328768125391886	1.5728805726638322
S334	2.379471755146391	0.0	0.4185936189750448	0.9759047574080506	2.570921737268845	0.9633235032266039	1.5397881883078406	2.8967374124978025	0.6762989012642788	1.4181925762053866	1.7927258879206327	1.6550400570799504	1.504238903931418	0.6322713992252891	1.7600007254511203	2.5601242955106867	2.123101278728162	1.4976950347829951	3.487812291716784	1.4289700881024323	0.9465001764557172	0.5665837419138062	0.8505691712020406	5.060742400997308	1.1557056145688378	2.0411786978414055	0.6316976290480096	0.5473758127702628	3.5362305593413628	3.4749223947556587	2.234138603239463	2.4571779862637593	3.0224255771626503	1.161600622788347	1.2068380433381614	2.413825313817653	2.518139272906615	2.84360539078878	2.5169614809417435	2.727446094042228	1.1123391585906415	2.825178304253765	1.438062200997395	1.8742959656657694	3.132746282500175	1.8200583341583338	0.5394666399746341	1.2499194015059971	2.664550577609978	1.0202399239539546	0.8328447354322202	0.4125747505671028	0.8258506656839439	2.522705251395134	0.7206476095096539	2.7434966176074425	1.2051064910472842	1.3719351603071597	2.0783599432291497	2.595453250173074	3.9822783503128436	1.9172016915452357	0.22695100497571533	3.780119137607289
S337	2.7293416927977643	0.4185936189750448	0.0	1.0124796171110642	2.9297398683962386	1.3092929072805608	1.8846074704996196	3.245797636748353	0.7567013005207971	1.770807013662406	2.1628629917649236	2.0209726453991603	1.5783079094595043	0.6124538900977672	2.0563200624683615	2.8719948565213493	2.492566024332414	1.859075802260614	3.5731995185885586	1.5434566532636933	0.8681065296781325	0.39184048182532444	1.1596986809543661	5.089350579726199	1.4735665159084135	2.3034401860909504	0.5252549075506284	0.7387046732262753	3.825932360907285	3.815482927643759	2.5734553335822405	2.8191739671484863	3.3580151395011653	1.4799385606918039	1.3944470237855608	2.7783024817821116	2.8784839529202983	3.193263628119201	2.8932538711478433	3.0573957953654	1.4043173832951275	3.1906744627126944	1.7889709489998404	2.2303351749616573	3.3710498920155207	1.9855736942115259	0.7489426221357052	1.5953697190512917	2.8908441097467246	1.3067870537536368	1.1691296586202529	0.7490129718398233	1.1743589907747438	2.8733916264709984	1.0771909321935584	3.0479470498821404	1.5614418432061474	1.7290888909103117	2.2908079938135555	2.965192408276354	4.084234068848267	2.280017584892715	0.2965020255484716	4.128957157853024
S300	2.3290586321788846	0.9759047574080506	1.0124796171110642	0.0	2.5489770411689063	1.1901100932379156	1.8423186475207083	2.76602628639973	0.30679033428214353	1.45706569868466	2.0914933785712306	2.048555925014339	0.5732330266575679	0.5039466416388966	1.3877867561926434	2.2160501094977803	2.3765791226615036	1.9502923993895187	2.5748378300179207	0.5507876981774917	0.28982544040590075	0.6555192973076575	0.8154473367760365	4.171203361464088	1.0998488796603134	1.5308396740164385	0.504211345619834	0.49911060469064894	2.996055368212479	3.141556307301277	2.0090828058629557	2.425628623894034	2.7263716541837586	1.1268678706334616	0.5912705677911269	2.5261420589191657	2.48051381574656	2.7211618012091274	2.5731401442865103	2.451528412717947	0.9411841895040923	2.8802715326691066	1.5210340319748952	2.0508043452579154	2.458968049843646	1.037916429335298	0.6266817487259555	1.8122281041405668	1.9799732990712042	0.8838923736261179	1.0424774521029994	1.0940657551410577	1.4659472802248574	2.542077195995083	1.2173174857690168	2.310328424737847	1.5862111989736754	1.8696860566459343	1.3692881366031424	2.6478842512155056	3.0907913971812584	1.988535094127379	0.8848671689748163	3.5048072168207973
S267	0.23003564365294155	2.570921737268845	2.9297398683962386	2.5489770411689063	0.0	1.6215962579932082	1.1969748352201	0.4110125146126801	2.4801165479182905	1.1669001227702485	0.9821882000899039	1.2060813643755344	2.5289486570258473	2.772934708716532	1.2671399273298174	0.8584575056275524	0.7625274890157164	1.3740831585452864	3.47851475812627	2.3623396872879487	2.812333245046575	2.8700409303598144	1.8379259191810897	5.274733469821195	1.502168485197303	1.3711065013900485	2.771129000025176	2.3270159616020383	1.9201386007921928	1.3679942453951974	0.7074368481876255	0.1463488969081818	0.9001272908998639	1.4868298626571352	1.9932603110267537	0.37156595008846	0.09441257376653811	0.3589316600888788	0.2558043354330551	0.6998095430960003	1.6314660536229422	0.36806913718337947	1.1408661026209388	0.7960842321312641	2.0549811605154944	2.033359929782958	2.2474437366673015	1.663299049538137	1.8669898348857668	1.7131286284281815	1.7616341750088091	2.2231937444224856	1.9370917927727989	0.21048461441158653	1.8946972637816415	1.1691972739954573	1.4674765473492617	1.5014507561681425	1.9137541613803926	0.21220846338613722	3.7950217077369675	0.6583312384599262	2.6336249487935137	1.4467475468547686
S343	1.4251284536516748	0.9633235032266039	1.3092929072805608	1.1901100932379156	1.6215962579932082	0.0	0.6690019999482619	1.9508481713139831	0.9939854873270046	0.4816978503869836	0.9274530558125491	0.8604607857556892	1.4910448047139475	1.2526116836007088	0.9985962910134226	1.684553702679512	1.238504036115129	0.7643863205461345	3.2566841056987847	1.3378145063197746	1.3761969652518866	1.2940817223327226	0.3979048791901803	5.00431199932627	0.33009359302170216	1.3175423565498376	1.2244356845611173	0.7945554676128792	2.7890996520535887	2.620470072169185	1.3470752316504653	1.5145096118665529	2.133012868913677	0.3097636157798855	0.890869199882848	1.4787892751792695	1.5731345806267198	1.8971156903079864	1.5916367933515683	1.8237941138580844	0.4358557870315175	1.8848477051447472	0.48246912800675856	0.9427445646492013	2.4934873793023042	1.41897156032547	0.6821495849957165	0.6846371225394617	2.049268159716893	0.4029831192924161	0.15954233350191996	0.618072612271444	0.530275727913786	1.5666514393151134	0.3283003754882702	1.929925476007715	0.4009134359060766	0.6995170814719709	1.5936569937260379	1.659036110057977	3.719786639539315	0.9718062762662493	1.0136277707140695	2.8854848717995885
S353	1.0478896986712225	1.5397881883078406	1.8846074704996196	1.8423186475207083	1.1969748352201	0.6690019999482619	0.0	1.583909288086387	1.6564558493870103	0.5720611793549264	0.34218165286356805	0.28942971498565045	2.0858033999614642	1.9149006705804066	1.21495118560914	1.5798188490674485	0.637367025382696	0.3049066030132445	3.6691835878010304	1.9226674902966658	2.0344672663709757	1.9327250648507488	1.0478689370181973	5.46669726456846	0.8024939589927018	1.5097794884912283	1.8715320262439674	1.4584558654522897	2.7832707288767153	2.436672916788643	1.2385621022980566	1.1309147381135756	1.9307018522451873	0.767412054896614	1.4566419800893986	0.9468959700165087	1.1806179645108916	1.5288440240845451	1.1424316250849802	1.6279503879056867	0.9686673565030705	1.370798763804996	0.4697002434040393	0.4025329779626237	2.6390283383157493	1.858297437890276	1.3306766899334759	0.5030632640518942	2.2560335934780884	0.9857817786872858	0.8250463325151346	1.1433952033566457	0.7911662035075512	1.084736430353898	0.8193885922747228	1.900702792124744	0.3396020710487205	0.37435653646895817	1.954913201349771	1.1804971072480268	4.098336882050107	0.6020741366352548	1.6007296287160564	2.609615775444085
S370	0.541651366648576	2.8967374124978025	3.245797636748353	2.76602628639973	0.4110125146126801	1.9508481713139831	1.583909288086387	0.0	2.7358392484599823	1.479348662992086	1.3887515959892371	1.6126993541894894	2.6679943133303308	3.037286977713108	1.407888551483803	0.7444930698353758	1.171762132843699	1.7770345941219168	3.3694723378000107	2.5095663733534126	3.0418378398221644	3.1507932137926926	2.1182196512518607	5.144956141843983	1.7837626567548523	1.415574242812825	3.039798851198404	2.6030391327560105	1.6193952081559317	1.0194542621057827	0.792959120319205	0.48027322717030235	0.5818102808432485	1.773503968598871	2.1872572253904075	0.7688900198519748	0.4232538745248728	0.055478606935866565	0.6019641501286201	0.4976810486234689	1.8906618095162337	0.5490627787046729	1.4698475619755547	1.1895084968104972	1.8534390986876939	2.1107590220577546	2.5358833225194832	2.0596673525395897	1.754356086072268	1.9805986067243104	2.0792400032486666	2.564674375101206	2.3105591140916566	0.5632969139463713	2.2438619437941485	0.9882289330487463	1.842266519208944	1.9007319549362263	1.9364248988008856	0.554303927449665	3.6434091113412	1.0238262546898487	2.94994162295133	1.0620779117954076
S230	2.2643622656136184	0.6762989012642788	0.7567013005207971	0.30679033428214353	2.4801165479182905	0.9939854873270046	1.6564558493870103	2.7358392484599823	0.0	1.3379503600003466	1.9176693126610336	1.8480935728598373	0.8554689856600003	0.35764880843722474	1.4144451040520862	2.2520042352796694	2.2210351945358795	1.7323440521592697	2.858235976098477	0.7972609896515649	0.38802037265698885	0.46177420613434256	0.6592409063112152	4.461506949859811	0.9844091978043704	1.6152882559023714	0.32539359537657025	0.2195716971062557	3.122133965142481	3.1927810504924663	2.001509663484199	2.3591232033555807	2.7559671370939656	1.0057099783417296	0.6689311886421668	2.41424234692235	2.4164949176115167	2.6876114669498357	2.483119767186241	2.4679099092100127	0.8513447381538617	2.791658774993494	1.389426331902567	1.908231000395182	2.631209543839323	1.2324945052225222	0.3573723585108078	1.5645021768684948	2.149605772571877	0.7715533569644131	0.8364419822812937	0.7987269205677354	1.1937895920468062	2.4573335166056283	0.959580160152272	2.3847128146215977	1.3730260321891883	1.6387255136692829	1.5446250310553462	2.5582772358247228	3.368002397246681	1.8788597649455083	0.5891183909012511	3.5364601102088997
S272	0.9661174947107556	1.4181925762053866	1.770807013662406	1.45706569868466	1.1669001227702485	0.4816978503869836	0.5720611793549264	1.479348662992086	1.3379503600003466	0.0	0.6985675508478358	0.756964570010611	1.5937016516156153	1.6200481329122176	0.6749582762188232	1.2325651610617068	0.9364223586498892	0.7686891143611697	3.1128904776098785	1.4237206430208753	1.6956220865054712	1.7071736930862305	0.6822857293201503	4.899300343848519	0.3664447719161317	1.0022331468100123	1.6167944248895003	1.1685667633121788	2.3671584012047537	2.147747583223636	0.8766168378709268	1.050913767967119	1.657557149591825	0.3492710473518294	0.9880827482829113	1.079827225434226	1.1102862058838947	1.4262187631461751	1.1527635996533532	1.3513991363677889	0.5245843108141032	1.458745735325599	0.10666204295941355	0.6171654891335276	2.14724089877055	1.3283674748394454	1.0884831101820613	0.8776299089902793	1.7430654165530337	0.5862212214296386	0.6044140689553951	1.0957428247674288	0.9267242556700508	1.139404886924299	0.7911418273961088	1.4951214109418074	0.5458868682910798	0.7926041724704692	1.3971556532842218	1.2246669288802805	3.5401853605906908	0.5415193487676557	1.475167486054973	2.4044538921786396
S306	0.882533075150334	1.7927258879206327	2.1628629917649236	2.0914933785712306	0.9821882000899039	0.9274530558125491	0.34218165286356805	1.3887515959892371	1.9176693126610336	0.6985675508478358	0.0	0.2248001686154954	2.2859004564061123	2.1637634239811847	1.287909497265338	1.5080986305054171	0.3317475839088677	0.3969839401643557	3.7563950071554504	2.1170594289979956	2.2978447791018595	2.206904995908485	1.2801981986111812	5.545712682663329	1.0171527278486034	1.5752041436453315	2.1485406657628143	1.7181599789775164	2.682108234793126	2.2558899064573525	1.1523907810597094	0.9233662016958363	1.7754188579515993	0.9882611524317146	1.672900445157495	0.6908491875738597	0.9718420300149719	1.334472380437942	0.8738046146360023	1.5022372196058411	1.1877027361203456	1.110342802878718	0.6148525088026597	0.2641469486519343	2.621849809123415	2.0120573648692015	1.607880156201229	0.7002773122087448	2.284725220248624	1.2226524262672323	1.086207854921394	1.415213093620754	1.0389022112464326	0.882943924091752	1.0861104847430465	1.8258459954224564	0.6056517774879241	0.5324044646052483	2.0428103367858905	0.9204866398871779	4.156256638537133	0.470569349585669	1.8796687594747314	2.399970132836892
S354	1.102348124533626	1.6550400570799504	2.0209726453991603	2.048555925014339	1.2060813643755344	0.8604607857556892	0.28942971498565045	1.6126993541894894	1.8480935728598373	0.756964570010611	0.2248001686154954	0.0	2.2967442678794447	2.0756959982933902	1.401979132577521	1.7057678748122818	0.5181234828616287	0.1830938392713994	3.862615117678956	2.1319424719795337	2.2333976721346183	2.0990570183889745	1.2396818325496246	5.64239633936395	1.0211258025746106	1.706486260004479	2.054035298560312	1.6400481691651692	2.8823103024511654	2.4744914218045397	1.34378640882374	1.14765661931675	1.9935101919482363	0.9902077107657696	1.681927469010643	0.9053295189792795	1.1963807379228464	1.558387357977371	1.0945383506624362	1.7153402753869738	1.189524473771472	1.3213683375057952	0.6690636866336567	0.4569834128954219	2.7918257598078666	2.081611313651636	1.5215698631726648	0.49261459335587415	2.4339862123853497	1.2065027767841703	1.0137695439110264	1.2726742842698398	0.8659630820533726	1.0997520870727995	0.9560557588088752	2.019658239401208	0.4844793157479928	0.3249264063738992	2.1454966051052713	1.1401726094262195	4.277117613362344	0.6700857609808072	1.7467352852717741	2.623965137687326
S327	2.314453168848358	1.504238903931418	1.5783079094595043	0.5732330266575679	2.5289486570258473	1.4910448047139475	2.0858033999614642	2.6679943133303308	0.8554689856600003	1.5937016516156153	2.2859004564061123	2.2967442678794447	0.0	1.0153451844770405	1.2681722442421366	2.0203592350481148	2.5254475904901974	2.237315543429345	2.004096251833939	0.17223284743195305	0.775023584668154	1.2113545924235514	1.1044907569162985	3.636920693614742	1.2842614194550164	1.2972592473920497	1.0696056813643031	0.996377921769775	2.5991225187747204	2.8675686395574007	1.8928814150873263	2.4020134766997017	2.5113600850219924	1.3186424506337397	0.6383031692083607	2.5889144841747735	2.451370596450958	2.6307468347675584	2.582094169560236	2.276915953475281	1.1171766022045426	2.8861747202868178	1.6784702590785143	2.1969098377384753	2.004555793114909	0.6545950992204617	1.1136631882522934	2.1669305686777327	1.5493813295336702	1.1101466687374149	1.3755117419182525	1.5780453095374642	1.8815426478208108	2.560645914552279	1.6180785616143905	2.0296873987173987	1.8863177328401994	2.1861538059558727	0.9494923921058998	2.658745906197646	2.5182211391840137	2.0687303312038128	1.4436085804247911	3.2628462098312134
S359	2.564145563382916	0.6322713992252891	0.6124538900977672	0.5039466416388966	2.772934708716532	1.2526116836007088	1.9149006705804066	3.037286977713108	0.35764880843722474	1.6200481329122176	2.1637634239811847	2.0756959982933902	1.0153451844770405	0.0	1.7160039294528242	2.5595562093417277	2.477209138934629	1.9465473844982795	2.985222970031521	0.9981555641168091	0.3853553724371144	0.27700413485900904	0.941408526035772	4.490356936676817	1.286391820300835	1.9223809471814426	0.2632782843327178	0.47472407291144497	3.3824128843919237	3.466172183048077	2.2940084896247095	2.647649418574846	3.048405933293752	1.3079849384820637	0.9881866868073929	2.6943761779434143	2.707222613351629	2.988619471021326	2.755466934741609	2.770360915087171	1.1659175903472652	3.0770807326944323	1.672380455391746	2.1842303114086494	2.8844137185482084	1.5031409894293206	0.6191099591770489	1.7511120899278878	2.4149316627748214	1.0866966620358829	1.0949805936696702	0.9217602214308351	1.3481405412672351	2.755615535660442	1.151710551318707	2.673828906785743	1.6056710095552513	1.8415274406364714	1.7917675829253754	2.8386095071807196	3.4896309894383006	2.1596602635342363	0.5743776995988286	3.819642222762029
S233	1.0589171413841327	1.7600007254511203	2.0563200624683615	1.3877867561926434	1.2671399273298174	0.9985962910134226	1.21495118560914	1.407888551483803	1.4144451040520862	0.6749582762188232	1.287909497265338	1.401979132577521	1.2681722442421366	1.7160039294528242	0.0	0.8439752486184641	1.4211808061347682	1.4384175801570351	2.472853356461112	1.105305427765066	1.6735886688539758	1.8650218654174857	0.9139905339932809	4.284394617266026	0.6831700061679924	0.3483731397990103	1.7360350587824223	1.3329451841558735	1.8182606326453437	1.7923005832498164	0.6357534313777293	1.1416360587461214	1.3446964876760206	0.701968532064342	0.8081104570419553	1.3762191455778732	1.188048372456824	1.36804511705517	1.3403643101831615	1.0660022436943402	0.6774687765537222	1.6298795894121796	0.7595353161708189	1.1215863173145162	1.4985674278772838	0.7961507646900687	1.316455723567312	1.5458782368313422	1.072752654251787	0.7762287316098676	1.034723092248956	1.539360668597216	1.5192511540278577	1.3187415372740607	1.314604834408488	0.9933708752349463	1.2075384618251692	1.4675142796672767	0.7617840948765693	1.409920132875304	2.8869432171212273	0.9159638911048249	1.7809117750867447	2.128307124894549
S346	0.7506601700492664	2.5601242955106867	2.8719948565213493	2.2160501094977803	0.8584575056275524	1.684553702679512	1.5798188490674485	0.7444930698353758	2.2520042352796694	1.2325651610617068	1.5080986305054171	1.7057678748122818	2.0203592350481148	2.5595562093417277	0.8439752486184641	0.0	1.4471412101891683	1.821563911219367	2.650063950848267	1.8754088688912511	2.5031343760959714	2.700719118474004	1.7179123838111408	4.4564510832319835	1.42004990696067	0.7290931153736079	2.570187382611494	2.1640631116731455	1.237021784563077	1.0375084191764437	0.41208572879827987	0.7912782534047859	0.5433968105636072	1.4231753237018498	1.6285428134309898	1.1673054254194084	0.7934071493965121	0.7298010062645882	1.0349116869917399	0.27683765064246385	1.4683119135581089	1.1904536782655035	1.2683885409876563	1.2788566555082932	1.2177646150685324	1.4200752779321202	2.1283116565828113	2.0368407693003507	1.02683083234494	1.566990829500062	1.7700364054514304	2.2874947521478726	2.1570592272660996	0.9849078675863219	2.010053320400601	0.3717205779310385	1.7357470096819012	1.9077481068769164	1.2189347081582695	1.0588691520116065	2.9591069651241635	1.0388235672819517	2.5872248623275067	1.3270721620785113
S256	0.731284702907378	2.123101278728162	2.492566024332414	2.3765791226615036	0.7625274890157164	1.238504036115129	0.637367025382696	1.171762132843699	2.2210351945358795	0.9364223586498892	0.3317475839088677	0.5181234828616287	2.5254475904901974	2.477209138934629	1.4211808061347682	1.4471412101891683	0.0	0.7009281892824643	3.8660080164249546	2.3544922199451572	2.595783640428905	2.527575868507672	1.5731438735490517	5.663410488612533	1.2825183607787491	1.6667322481136544	2.462931852953287	2.0277171590620946	2.5973244351613776	2.091320932859032	1.1316752257790188	0.7425243403559163	1.6272391514685196	1.2552930560349562	1.9189178648380476	0.4147516078517894	0.7768128351084035	1.1208741911138247	0.6340492377630889	1.3835896522367528	1.4497394083101725	0.8117307967583417	0.8614298132175733	0.3537733402284464	2.6200524832693293	2.1866659431564894	1.9200365042862628	1.0093592802593672	2.3305014744039467	1.497235980302567	1.3975649963003336	1.7455804086736728	1.3678224022002976	0.6471844832761038	1.4155128092988702	1.7737755508742121	0.9333688985947919	0.8423441782026263	2.1744478283585007	0.6552738915955961	4.240217719558031	0.5073989123642489	2.207858196810837	2.183406918180815
S262	1.2564054088230687	1.4976950347829951	1.859075802260614	1.9502923993895187	1.3740831585452864	0.7643863205461345	0.3049066030132445	1.7770345941219168	1.7323440521592697	0.7686891143611697	0.3969839401643557	0.1830938392713994	2.237315543429345	1.9465473844982795	1.4384175801570351	1.821563911219367	0.7009281892824643	0.0	3.8766835047885593	2.076888676808127	2.118755992144026	1.956560022490941	1.1532162732410318	5.646292856013197	0.9759385349068018	1.7544238115214332	1.9201772309491079	1.5201436405188056	2.997677144566351	2.6214884757175936	1.4549840228570559	1.3092328242882063	2.13728533643238	0.9446451008972413	1.6267522438642656	1.0836488772772985	1.3600364800588194	1.7222394409885482	1.268632052027845	1.8515379623177417	1.1375172039175379	1.5021050042612805	0.6840446741588263	0.6020845909126599	2.871148770499335	2.0715196994721174	1.3971329046116092	0.30974412324130685	2.4933977778439127	1.1398520391103113	0.9081426312058553	1.1139468535069583	0.6937499674657166	1.2691640919275344	0.8092636512162411	2.1288068187427642	0.3679456286044684	0.14227914289466687	2.163566354774138	1.3173470217364809	4.304233537210421	0.8016561889483925	1.5907487871840023	2.786219404871109
S383	3.3296025855320357	3.487812291716784	3.5731995185885586	2.5748378300179207	3.47851475812627	3.2566841056987847	3.6691835878010304	3.3694723378000107	2.858235976098477	3.1128904776098785	3.7563950071554504	3.862615117678956	2.004096251833939	2.985222970031521	2.472853356461112	2.650063950848267	3.8660080164249546	3.8766835047885593	0.0	2.0738125749072935	2.7332212489571934	3.194575757036142	2.9353900058959828	1.8652215304866147	2.955066260542559	2.2251460191127417	3.06065105333102	2.9799330050671724	2.2192431777258426	2.9395185724272404	2.8028857508041103	3.3766910467449964	2.9004402293116263	2.988143256087895	2.4367741100688445	3.726759161144977	3.398600598515443	3.3638238751643184	3.5981258277588943	2.872062176825489	2.8286055917435466	3.8257619315676488	3.206442581692359	3.587817761418963	1.6057494124355343	1.8663108141625833	3.083402790891612	3.918717287973023	1.624500489219489	2.875879095945362	3.1957335029712928	3.525517595618829	3.7399577030084283	3.594458773440971	3.4810131401261404	2.3882357753255015	3.590017189005443	3.87856108416213	1.717529934481552	3.659736017020817	0.5401620826709437	3.361433910436809	3.445547217829836	3.350930113688605
S219	2.1479406513842494	1.4289700881024323	1.5434566532636933	0.5507876981774917	2.3623396872879487	1.3378145063197746	1.9226674902966658	2.5095663733534126	0.7972609896515649	1.4237206430208753	2.1170594289979956	2.1319424719795337	0.17223284743195305	0.9981555641168091	1.105305427765066	1.8754088688912511	2.3544922199451572	2.076888676808127	2.0738125749072935	0.0	0.7987260458140992	1.1963808272525105	0.9560633749218783	3.7425973841971167	1.120293795716628	1.1570068492702068	1.0517063326197382	0.9069656432435451	2.5065271373799765	2.737708755612752	1.7323818444836738	2.234763658538437	2.36911148079257	1.1553101419989742	0.4836162836313868	2.418388799031243	2.2848366887841602	2.471312660740946	2.412362502038784	2.128004984585892	0.9550637073912405	2.718211341416563	1.509704020686254	2.0272204081012797	1.937837840663812	0.5592582885493491	1.0141795646679546	2.0169666529117842	1.4720083926049972	0.953966557455149	1.2291783927255184	1.4681164562647513	1.7468507484692282	2.3933533169447174	1.4823350892184535	1.900370263850758	1.7295341089299627	2.0298834162455925	0.8569478347628764	2.489598261156816	2.579638720126422	1.8973124912966188	1.3806697966395813	3.1271821504469672
S276	2.592719238550729	0.9465001764557172	0.8681065296781325	0.28982544040590075	2.812333245046575	1.3761969652518866	2.0344672663709757	3.0418378398221644	0.38802037265698885	1.6956220865054712	2.2978447791018595	2.2333976721346183	0.775023584668154	0.3853553724371144	1.6735886688539758	2.5031343760959714	2.595783640428905	2.118755992144026	2.7332212489571934	0.7987260458140992	0.0	0.48019128093640945	1.028017472533344	4.256676918214448	1.3361542651040956	1.8190365516520797	0.35287342033292	0.6051652086421276	3.2785267837204803	3.4306940218997775	2.2905244301485514	2.6903833077781196	3.014388320961251	1.3597613447698977	0.8755914283034475	2.7702876871380275	2.7460538260949847	2.99601809474763	2.8293651648309712	2.7370801076108418	1.1873226744114955	3.136094782341833	1.752121569904544	2.275658070517049	2.728981794355537	1.3062872805896104	0.7312344931658638	1.9468512814311452	2.252892514360046	1.1177907417004485	1.2200540846991583	1.1513043738739526	1.567985990708085	2.7968861204611386	1.34192153700849	2.600054972687809	1.757902665425491	2.024606614057352	1.6422836802206908	2.903777655599983	3.253702129254543	2.233469926911698	0.825611193516986	3.793387086576573
S305	2.6593531705091658	0.5665837419138062	0.39184048182532444	0.6555192973076575	2.8700409303598144	1.2940817223327226	1.9327250648507488	3.1507932137926926	0.46177420613434256	1.7071736930862305	2.206904995908485	2.0990570183889745	1.2113545924235514	0.27700413485900904	1.8650218654174857	2.700719118474004	2.527575868507672	1.956560022490941	3.194575757036142	1.1963808272525105	0.48019128093640945	0.0	1.0369788249579754	4.7038988302573	1.371449902241918	2.0759271548764784	0.16746145359035294	0.5492925942140957	3.579136289201523	3.6399066709966594	2.4336225395414934	2.7521675631854405	3.2000570159945254	1.3864488126032406	1.1292945814954851	2.7666076601006013	2.8108516058067794	3.100760156241222	2.855052651018764	2.9084981159326793	1.2632637052331916	3.1620452626429856	1.7446353457613588	2.235738165756967	3.0825835831422195	1.6746523663430768	0.6309763805852993	1.7321884102826728	2.6029778654995943	1.1728145247703214	1.137042906562359	0.8698458696795792	1.3175501330550279	2.8331849533412883	1.1473023672655616	2.841869711257489	1.6208630159908466	1.8410732908838139	1.9912388315428173	2.9302154235117914	3.708461541019026	2.2423890052726647	0.429564033590949	3.9782245543362342
S294	1.6285110030987116	0.8505691712020406	1.1596986809543661	0.8154473367760365	1.8379259191810897	0.3979048791901803	1.0478689370181973	2.1182196512518607	0.6592409063112152	0.6822857293201503	1.2801981986111812	1.2396818325496246	1.1044907569162985	0.941408526035772	0.9139905339932809	1.7179123838111408	1.5731438735490517	1.1532162732410318	2.9353900058959828	0.9560633749218783	1.028017472533344	1.0369788249579754	0.0	4.652215046650326	0.3491919755323394	1.2014801191144877	0.9415584955585224	0.4904063706266534	2.714892291236224	2.659555898401355	1.4161044221228303	1.7171512600875931	2.1985608574339928	0.3709780649365671	0.5452544489724275	1.759924783091232	1.776056630159988	2.0677166655938453	1.8288022124334846	1.9007847245039398	0.2699192573188254	2.140274580890652	0.7366527519283952	1.2616749587630014	2.3361841281421225	1.1257939308569302	0.44264187062133026	1.0629912201656224	1.871031168786362	0.1945571107500812	0.27884442098422807	0.6562279056634368	0.8081091761470758	1.8145073297318355	0.5459145661455711	1.9029332041274065	0.7961101322488434	1.0884071569012375	1.3394477186591744	1.9051557369181698	3.411674932594257	1.2236637390781842	0.8756911534420508	2.9715155931868926
S385	5.141233964988702	5.060742400997308	5.089350579726199	4.171203361464088	5.274733469821195	5.00431199932627	5.46669726456846	5.144956141843983	4.461506949859811	4.899300343848519	5.545712682663329	5.64239633936395	3.636920693614742	4.490356936676817	4.284394617266026	4.4564510832319835	5.663410488612533	5.646292856013197	1.8652215304866147	3.7425973841971167	4.256676918214448	4.7038988302573	4.652215046650326	0.0	4.726417365000985	4.063353995392137	4.599898366378561	4.61111586264196	3.7860906810764536	4.552421152487479	4.601408240037756	5.169687651079445	4.630775814414973	4.762310080867149	4.173325165816337	5.5300610267948525	5.191665781818171	5.143767317168322	5.374379272539826	4.653962600543869	4.591564628195294	5.610596980283764	4.998660278817202	5.398115128613747	3.3249212399403625	3.6669369540185905	4.7432447681114125	5.667320133604513	3.4480422369148895	4.627922620802404	4.926141233480339	5.185329294847139	5.446731500678378	5.4081558854523175	5.190039821393485	4.157767078672665	5.354164324820089	5.638478481567918	3.5271144133581567	5.445704999049696	1.527749808778693	5.165163694360809	5.025403122569828	4.945508523157154
S356	1.2885315766154388	1.1557056145688378	1.4735665159084135	1.0998488796603134	1.502168485197303	0.33009359302170216	0.8024939589927018	1.7837626567548523	0.9844091978043704	0.3664447719161317	1.0171527278486034	1.0211258025746106	1.2842614194550164	1.286391820300835	0.6831700061679924	1.42004990696067	1.2825183607787491	0.9759385349068018	2.955066260542559	1.120293795716628	1.3361542651040956	1.371449902241918	0.3491919755323394	4.726417365000985	0.0	0.9926966620830314	1.2689778671188987	0.8284441685985238	2.4936130323308188	2.380641470182581	1.1127980908415314	1.3860740485670264	1.8979069387257586	0.03922328348101599	0.6614126062622028	1.4342991773232956	1.4431820124975436	1.7328145473731784	1.5093429734738426	1.5893428735013344	0.170710239361636	1.808272479150013	0.4224684224532054	0.9526924138216784	2.171427728365291	1.1156942481811942	0.7527294351976819	0.9724269360337551	1.7218184590095353	0.22041351509429175	0.3592374693606358	0.8746092222590227	0.8599863756997641	1.4738552457943754	0.6403622129352472	1.643946801559559	0.6449858597071315	0.9487992635681131	1.2761896729763968	1.5778035083000108	3.41337466775687	0.8993417207136846	1.1810859840470043	2.670089822049315
S280	1.176136584155822	2.0411786978414055	2.3034401860909504	1.5308396740164385	1.3711065013900485	1.3175423565498376	1.5097794884912283	1.415574242812825	1.6152882559023714	1.0022331468100123	1.5752041436453315	1.706486260004479	1.2972592473920497	1.9223809471814426	0.3483731397990103	0.7290931153736079	1.6667322481136544	1.7544238115214332	2.2251460191127417	1.1570068492702068	1.8190365516520797	2.0759271548764784	1.2014801191144877	4.063353995392137	0.9926966620830314	0.0	1.9332475807888538	1.5707986668997713	1.575941789224737	1.661493504809628	0.7081379652633552	1.2618814004502508	1.2436369278357278	1.0108255465261458	0.9565636030429869	1.5508396206776445	1.2948981636834036	1.3858695751232506	1.4922605634245052	0.9957172764404009	0.9607708037538328	1.7384968201147515	1.0758772369196878	1.3781829264464904	1.1980605014863173	0.6973429806167714	1.5644033876728225	1.8702169326988418	0.7585115602610513	1.053178521695477	1.3430823251194912	1.8390729468524885	1.8449226932718397	1.4397336957905174	1.6322882096928915	0.8021933031475535	1.5302039944294168	1.7896535202529356	0.5869855850131934	1.545705195742986	2.6281413421885014	1.1626943270397396	2.0395748433948615	2.015585467521039
S224	2.556351575337898	0.6316976290480096	0.5252549075506284	0.504211345619834	2.771129000025176	1.2244356845611173	1.8715320262439674	3.039798851198404	0.32539359537657025	1.6167944248895003	2.1485406657628143	2.054035298560312	1.0696056813643031	0.2632782843327178	1.7360350587824223	2.570187382611494	2.462931852953287	1.9201772309491079	3.06065105333102	1.0517063326197382	0.35287342033292	0.16746145359035294	0.9415584955585224	4.599898366378561	1.2689778671188987	1.9332475807888538	0.0	0.45517215452554555	3.4419205462708686	3.5173171627508775	2.3175069823398182	2.653486013502547	3.0765661483820934	1.2854926963845819	0.9809554944695553	2.6830826129698737	2.711058416356598	2.9906571616126953	2.768167179860895	2.7847329874190216	1.1492046951583452	3.0719006957810473	1.657720765091876	2.158977162510023	2.9365264906932396	1.519538796097237	0.5446021102560609	1.712821791712409	2.4540650663874866	1.0614097969654706	1.0655607888302263	0.870528538236223	1.3109768500728762	2.736782397087	1.1160188317377	2.70795964201508	1.5720565589439415	1.8115395467257307	1.8467996652595005	2.841061466951638	3.5775948699881335	2.1549497668833464	0.4845757760704205	3.857997181819921
S312	2.1158378782325333	0.5473758127702628	0.7387046732262753	0.49911060469064894	2.3270159616020383	0.7945554676128792	1.4584558654522897	2.6030391327560105	0.2195716971062557	1.1685667633121788	1.7181599789775164	1.6400481691651692	0.996377921769775	0.47472407291144497	1.3329451841558735	2.1640631116731455	2.0277171590620946	1.5201436405188056	2.9799330050671724	0.9069656432435451	0.6051652086421276	0.5492925942140957	0.4904063706266534	4.61111586264196	0.8284441685985238	1.5707986668997713	0.45517215452554555	0.0	3.088865051546917	3.1056064221330173	1.8865442313841787	2.2072095979046478	2.658010861437204	0.8464225661855342	0.6728612999777498	2.239961767357299	2.26582724632697	2.5531435373936406	2.317076638551407	2.3646308184929072	0.7186449987150372	2.6267884588466366	1.2140082169806954	1.7240129969507199	2.638148213473016	1.282192727795451	0.17462865261833121	1.3489567884711215	2.1593776792336503	0.6303572827884519	0.6354650891712118	0.5990762568037544	0.9786457953748632	2.298114860962563	0.7432977482029837	2.31982987708366	1.1646276275418066	1.4242266297501376	1.568095908791445	2.3930368404208675	3.481036300996683	1.7082720012466706	0.5024716976173754	3.435277658453575
S201	1.9060607092341153	3.5362305593413628	3.825932360907285	2.996055368212479	1.9201386007921928	2.7890996520535887	2.7832707288767153	1.6193952081559317	3.122133965142481	2.3671584012047537	2.682108234793126	2.8823103024511654	2.5991225187747204	3.3824128843919237	1.8182606326453437	1.237021784563077	2.5973244351613776	2.997677144566351	2.2192431777258426	2.5065271373799765	3.2785267837204803	3.579136289201523	2.714892291236224	3.7860906810764536	2.4936130323308188	1.575941789224737	3.4419205462708686	3.088865051546917	0.0	0.8037833545110215	1.5462228675389806	1.8780829459311539	1.0399248113123345	2.50893187044067	2.478358506456142	2.2773894188947272	1.8645046112051538	1.6440747889648177	2.0565584745249863	1.2485857025520282	2.493636939689474	2.148017378424071	2.4274579651910386	2.479281741596271	0.708801755785141	2.0157076877793556	3.1053704579885	3.2067919531284383	1.0950059469327915	2.591050252363991	2.8431232821106787	3.3458543968577756	3.2807927689980763	2.09577396213136	3.1066179601372554	0.8916571791382595	2.9000790114987605	3.0802666955553097	1.652252737871138	2.0848474352881903	2.3078449739602527	2.2211739343310817	3.5676315856384355	1.1657897815444664
S228	1.4402206365115124	3.4749223947556587	3.815482927643759	3.141556307301277	1.3679942453951974	2.620470072169185	2.436672916788643	1.0194542621057827	3.1927810504924663	2.147747583223636	2.2558899064573525	2.4744914218045397	2.8675686395574007	3.466172183048077	1.7923005832498164	1.0375084191764437	2.091320932859032	2.6214884757175936	2.9395185724272404	2.737708755612752	3.4306940218997775	3.6399066709966594	2.659555898401355	4.552421152487479	2.380641470182581	1.661493504809628	3.5173171627508775	3.1056064221330173	0.8037833545110215	0.0	1.2788208681486934	1.3630946432133775	0.5403756288643143	2.3859544660426604	2.577438808731234	1.7270852812635007	1.3332435048843572	1.0568598225338277	1.4778402389048015	0.8685723146727907	2.4355491993283236	1.498978038616299	2.1826580912715183	2.071261726459328	1.358195802281742	2.2781939944446914	3.0893816074992926	2.879974288398305	1.5401862515945965	2.5354453340257024	2.7142826438134193	3.2197603700881463	3.0496349002538325	1.5582572657579794	2.9311158647643754	0.8702491689100473	2.6199378383239824	2.7298515324833224	1.9555155723166069	1.4900003008244453	3.077501442523493	1.8364148204864297	3.5336625322553554	0.4464355159877683
S198	0.5515596643680507	2.234138603239463	2.5734553335822405	2.0090828058629557	0.7074368481876255	1.3470752316504653	1.2385621022980566	0.792959120319205	2.001509663484199	0.8766168378709268	1.1523907810597094	1.34378640882374	1.8928814150873263	2.2940084896247095	0.6357534313777293	0.41208572879827987	1.1316752257790188	1.4549840228570559	2.8028857508041103	1.7323818444836738	2.2905244301485514	2.4336225395414934	1.4161044221228303	4.601408240037756	1.1127980908415314	0.7081379652633552	2.3175069823398182	1.8865442313841787	1.5462228675389806	1.2788208681486934	0.0	0.585762716818527	0.7903434167473479	1.1144846420669854	1.434460673287532	0.9293507534963713	0.6202896759463662	0.7548562608842645	0.806785083920855	0.5021568980651037	1.187538191597712	1.0697662545105722	0.9157950789363024	0.9500485807381429	1.489948950915789	1.3728194428674123	1.846535582722923	1.6709173008649558	1.2246617965050806	1.285112793407297	1.4440905183131865	1.9538613733026824	1.7961296098551982	0.8250360812225676	1.6637427456982563	0.6770011041938353	1.376269666148127	1.5395908499805422	1.2135004211398985	0.8704042088366764	3.1425743512417394	0.6865588353036515	2.2841963549641924	1.5582773088405943
S277	0.16820215942415814	2.4571779862637593	2.8191739671484863	2.425628623894034	0.1463488969081818	1.5145096118665529	1.1309147381135756	0.48027322717030235	2.3591232033555807	1.050913767967119	0.9233662016958363	1.14765661931675	2.4020134766997017	2.647649418574846	1.1416360587461214	0.7912782534047859	0.7425243403559163	1.3092328242882063	3.3766910467449964	2.234763658538437	2.6903833077781196	2.7521675631854405	1.7171512600875931	5.169687651079445	1.3860740485670264	1.2618814004502508	2.653486013502547	2.2072095979046478	1.8780829459311539	1.3630946432133775	0.585762716818527	0.0	0.8854562858209848	1.3727923033387537	1.8717330374226122	0.40265320359884715	0.06441416909533751	0.42598127858506923	0.257714665495809	0.6610918913478716	1.512999623050192	0.4942218707509624	1.0333120359343961	0.736388274237741	1.9810649648349403	1.9166186006148533	2.1336574436826248	1.591722628259276	1.7756360553367803	1.5964085080995416	1.651246242854995	2.1190140244415203	1.84561184292593	0.29863675658011474	1.7927440002199466	1.0993006864973625	1.3803040079883881	1.4317092379399068	1.7941675148804501	0.28702143195421215	3.6994330541493086	0.5596726453681359	2.523377588101917	1.4848074804062945
S220	0.9324257252857397	3.0224255771626503	3.3580151395011653	2.7263716541837586	0.9001272908998639	2.133012868913677	1.9307018522451873	0.5818102808432485	2.7559671370939656	1.657557149591825	1.7754188579515993	1.9935101919482363	2.5113600850219924	3.048405933293752	1.3446964876760206	0.5433968105636072	1.6272391514685196	2.13728533643238	2.9004402293116263	2.36911148079257	3.014388320961251	3.2000570159945254	2.1985608574339928	4.630775814414973	1.8979069387257586	1.2436369278357278	3.0765661483820934	2.658010861437204	1.0399248113123345	0.5403756288643143	0.7903434167473479	0.8854562858209848	0.0	1.8993386778770436	2.145583396286133	1.2679867471026083	0.8583562205912002	0.60574734291934	1.0536472951567732	0.3321203008046392	1.9630173180216755	1.1100098323770062	1.6842069836030313	1.569905107823565	1.3329648549642419	1.9155535981311698	2.6246465855984713	2.391443191185246	1.3370886157115083	2.0619201259891518	2.2330583715799754	2.7431506198027127	2.5654088028651088	1.0790544182754815	2.44816204426262	0.5458085521007392	2.1246729045555997	2.243828659625593	1.6534792179051412	1.0615423634587862	3.128971631860809	1.338883745300706	3.070471700267173	0.789312395240238
S301	1.273466186631808	1.161600622788347	1.4799385606918039	1.1268678706334616	1.4868298626571352	0.3097636157798855	0.767412054896614	1.773503968598871	1.0057099783417296	0.3492710473518294	0.9882611524317146	0.9902077107657696	1.3186424506337397	1.3079849384820637	0.701968532064342	1.4231753237018498	1.2552930560349562	0.9446451008972413	2.988143256087895	1.1553101419989742	1.3597613447698977	1.3864488126032406	0.3709780649365671	4.762310080867149	0.03922328348101599	1.0108255465261458	1.2854926963845819	0.8464225661855342	2.50893187044067	2.3859544660426604	1.1144846420669854	1.3727923033387537	1.8993386778770436	0.0	0.6930059197130527	1.4120038058987416	1.4296735927918136	1.7221987532299374	1.4937531068922274	1.5886475786521936	0.20239759697831725	1.7892919184672615	0.39730459896890763	0.9242525183420158	2.1931409437719536	1.1464113166694887	0.7637157813036571	0.9425381641392317	1.7449797439015695	0.24375847636646253	0.3522487909096505	0.8690100680691935	0.8398518186213955	1.4536730908797857	0.6259315605726644	1.6544781514092877	0.6135614389445979	0.9180123392232243	1.3073109337337896	1.560307243886287	3.4462252578952954	0.8794911666024192	1.186304108414391	2.6701168921130787
S255	1.7711377250027702	1.2068380433381614	1.3944470237855608	0.5912705677911269	1.9932603110267537	0.890869199882848	1.4566419800893986	2.1872572253904075	0.6689311886421668	0.9880827482829113	1.672900445157495	1.681927469010643	0.6383031692083607	0.9881866868073929	0.8081104570419553	1.6285428134309898	1.9189178648380476	1.6267522438642656	2.4367741100688445	0.4836162836313868	0.8755914283034475	1.1292945814954851	0.5452544489724275	4.173325165816337	0.6614126062622028	0.9565636030429869	0.9809554944695553	0.6728612999777498	2.478358506456142	2.577438808731234	1.434460673287532	1.8717330374226122	2.145583396286133	0.6930059197130527	0.0	2.008618550893493	1.923500729291836	2.1439373106099526	2.040493926388296	1.8652817626832816	0.4924605313022404	2.3368381099519775	1.062841531010641	1.5818706043662907	1.9916868190011139	0.627621353435307	0.7071163715977039	1.574634767970979	1.5040928003108034	0.4913752533173643	0.7963976989366189	1.1230712407139904	1.3396069666217945	1.996717531433249	1.0741567817236275	1.7427999064971456	1.2762306443809086	1.582572899892441	0.9330831512679602	2.1097799781382007	2.9307647295978243	1.4813741624835586	1.1634264115395097	2.928805586095461
S265	0.4207062273680354	2.413825313817653	2.7783024817821116	2.5261420589191657	0.37156595008846	1.4787892751792695	0.9468959700165087	0.7688900198519748	2.41424234692235	1.079827225434226	0.6908491875738597	0.9053295189792795	2.5889144841747735	2.6943761779434143	1.3762191455778732	1.1673054254194084	0.4147516078517894	1.0836488772772985	3.726759161144977	2.418388799031243	2.7702876871380275	2.7666076601006013	1.759924783091232	5.5300610267948525	1.4342991773232956	1.5508396206776445	2.6830826129698737	2.239961767357299	2.2773894188947272	1.7270852812635007	0.9293507534963713	0.40265320359884715	1.2679867471026083	1.4120038058987416	2.008618550893493	0.0	0.41326508694612774	0.7205770763212734	0.2971585329259366	1.0508665248547209	1.5861691664551416	0.4250061204022313	1.0263852113863927	0.5568012399530113	2.3710010999793822	2.1589262095422184	2.1434279571761876	1.385938525632523	2.136610019641625	1.6531487809276029	1.6318528716413425	2.0450450189468232	1.7089240132675725	0.2586822697560847	1.7113705241452768	1.4942259363907109	1.2463970276183707	1.2201367275621744	2.0921005939620527	0.2632929948579667	4.069803078853278	0.5414574313745187	2.4856059101288444	1.78982012110685
S361	0.1910845329028016	2.518139272906615	2.8784839529202983	2.48051381574656	0.09441257376653811	1.5731345806267198	1.1806179645108916	0.4232538745248728	2.4164949176115167	1.1102862058838947	0.9718420300149719	1.1963807379228464	2.451370596450958	2.707222613351629	1.188048372456824	0.7934071493965121	0.7768128351084035	1.3600364800588194	3.398600598515443	2.2848366887841602	2.7460538260949847	2.8108516058067794	1.776056630159988	5.191665781818171	1.4431820124975436	1.2948981636834036	2.711058416356598	2.26582724632697	1.8645046112051538	1.3332435048843572	0.6202896759463662	0.06441416909533751	0.8583562205912002	1.4296735927918136	1.923500729291836	0.41326508694612774	0.0	0.36907327378818267	0.263713510120597	0.6455310284241502	1.5690400208858604	0.45080814802737934	1.0914228555838792	0.7835578815894195	1.9851864648398856	1.956865049753627	2.191385752677798	1.6444854850160255	1.7917374666217345	1.6527462938387532	1.710036906070011	2.178130791113551	1.9031562486297122	0.27890067280063047	1.8516272294516283	1.1002056769873498	1.4362768024819001	1.4839689298473997	1.8303133213459064	0.2674570607221515	3.7161539588723227	0.6171219141066219	2.5825093082612103	1.4401020191810119
S251	0.4865732532539809	2.84360539078878	3.193263628119201	2.7211618012091274	0.3589316600888788	1.8971156903079864	1.5288440240845451	0.055478606935866565	2.6876114669498357	1.4262187631461751	1.334472380437942	1.558387357977371	2.6307468347675584	2.988619471021326	1.36804511705517	0.7298010062645882	1.1208741911138247	1.7222394409885482	3.3638238751643184	2.471312660740946	2.99601809474763	3.100760156241222	2.0677166655938453	5.143767317168322	1.7328145473731784	1.3858695751232506	2.9906571616126953	2.5531435373936406	1.6440747889648177	1.0568598225338277	0.7548562608842645	0.42598127858506923	0.60574734291934	1.7221987532299374	2.1439373106099526	0.7205770763212734	0.36907327378818267	0.0	0.5564864901379886	0.49297852177317925	1.8414537396025383	0.5242402782429033	1.41583312138823	1.1345953549625085	1.8598216346993737	2.079319178419671	2.485003361955737	2.004436375543027	1.74652852097089	1.9308619299587488	2.0262171603048804	2.510518898162276	2.255199269361924	0.515132051455206	2.189281064952918	0.9876641668431698	1.7868640482279938	1.845642024429528	1.9112918099327352	0.5111201227848341	3.6444091289917644	0.9684436474116725	2.897317796064221	1.1120939729512753
S362	0.3903591074624608	2.5169614809417435	2.8932538711478433	2.5731401442865103	0.2558043354330551	1.5916367933515683	1.1424316250849802	0.6019641501286201	2.483119767186241	1.1527635996533532	0.8738046146360023	1.0945383506624362	2.582094169560236	2.755466934741609	1.3403643101831615	1.0349116869917399	0.6340492377630889	1.268632052027845	3.5981258277588943	2.412362502038784	2.8293651648309712	2.855052651018764	1.8288022124334846	5.374379272539826	1.5093429734738426	1.4922605634245052	2.768167179860895	2.317076638551407	2.0565584745249863	1.4778402389048015	0.806785083920855	0.257714665495809	1.0536472951567732	1.4937531068922274	2.040493926388296	0.2971585329259366	0.263713510120597	0.5564864901379886	0.0	0.8805377294820208	1.6497201427175412	0.370471499072625	1.1245625134106252	0.7478546925611971	2.2012015655563135	2.129285634697165	2.2397649964174784	1.5680796816638234	2.008880511814503	1.7265058438719152	1.7368626773867382	2.172979997104044	1.8602881386195709	0.3438709466848146	1.8414693666922173	1.319450712631011	1.4035146764526147	1.401002227345175	2.0075793681470953	0.13469943826236197	3.9144047185603763	0.6285629620709908	2.5997743808619043	1.5552164719723607
S212	0.6651035829150168	2.727446094042228	3.0573957953654	2.451528412717947	0.6998095430960003	1.8237941138580844	1.6279503879056867	0.4976810486234689	2.4679099092100127	1.3513991363677889	1.5022372196058411	1.7153402753869738	2.276915953475281	2.770360915087171	1.0660022436943402	0.27683765064246385	1.3835896522367528	1.8515379623177417	2.872062176825489	2.128004984585892	2.7370801076108418	2.9084981159326793	1.9007847245039398	4.653962600543869	1.5893428735013344	0.9957172764404009	2.7847329874190216	2.3646308184929072	1.2485857025520282	0.8685723146727907	0.5021568980651037	0.6610918913478716	0.3321203008046392	1.5886475786521936	1.8652817626832816	1.0508665248547209	0.6455310284241502	0.49297852177317925	0.8805377294820208	0.0	1.6589830694777632	0.9897348734100359	1.3744332728477207	1.2815174994689944	1.37546087850906	1.6891023044735012	2.3216750347632926	2.095798667919329	1.2578707392746857	1.7566738371660087	1.9252754572283672	2.437158532194854	2.2623643917797294	0.8567438559609388	2.14176354984114	0.4979981923737189	1.8199623714220532	1.9530349530134907	1.4771201303637986	0.8922964506750897	3.153103371132298	1.0500278879656924	2.76782683048849	1.1043239173037103
S333	1.4136660716196563	1.1123391585906415	1.4043173832951275	0.9411841895040923	1.6314660536229422	0.4358557870315175	0.9686673565030705	1.8906618095162337	0.8513447381538617	0.5245843108141032	1.1877027361203456	1.189524473771472	1.1171766022045426	1.1659175903472652	0.6774687765537222	1.4683119135581089	1.4497394083101725	1.1375172039175379	2.8286055917435466	0.9550637073912405	1.1873226744114955	1.2632637052331916	0.2699192573188254	4.591564628195294	0.170710239361636	0.9607708037538328	1.1492046951583452	0.7186449987150372	2.493636939689474	2.4355491993283236	1.187538191597712	1.512999623050192	1.9630173180216755	0.20239759697831725	0.4924605313022404	1.5861691664551416	1.5690400208858604	1.8414537396025383	1.6497201427175412	1.6589830694777632	0.0	1.949322644379166	0.5883895813307308	1.1172887548249286	2.126804046568134	0.9833066045495013	0.662776427465063	1.1109126241012919	1.6626886658536761	0.10026730744867117	0.40075642022040825	0.8788894357168027	0.9468605593195034	1.611598504749871	0.7018476864827765	1.66564676791439	0.7952357353017347	1.1015886757466198	1.1782379233163733	1.7188471768253915	3.2969993127998247	1.050573876906248	1.1198871719465429	2.7431266029539665
S250	0.580460535357081	2.825178304253765	3.1906744627126944	2.8802715326691066	0.36806913718337947	1.8848477051447472	1.370798763804996	0.5490627787046729	2.791658774993494	1.458745735325599	1.110342802878718	1.3213683375057952	2.8861747202868178	3.0770807326944323	1.6298795894121796	1.1904536782655035	0.8117307967583417	1.5021050042612805	3.8257619315676488	2.718211341416563	3.136094782341833	3.1620452626429856	2.140274580890652	5.610596980283764	1.808272479150013	1.7384968201147515	3.0719006957810473	2.6267884588466366	2.148017378424071	1.498978038616299	1.0697662545105722	0.4942218707509624	1.1100098323770062	1.7892919184672615	2.3368381099519775	0.4250061204022313	0.45080814802737934	0.5242402782429033	0.370471499072625	0.9897348734100359	1.949322644379166	0.0	1.4177057016247891	0.9783197040759171	2.3623283050223676	2.4000455308210684	2.537793643775594	1.807098814953009	2.210737223947705	2.024580717709624	2.0340975349606	2.4627559689943905	2.132577897028039	0.37277187657919314	2.1293159312481946	1.4778978460526404	1.6697087089179021	1.6404293301838353	2.2799657588267395	0.25002855406305735	4.125944184401752	0.9205204335038645	2.8965500401601556	1.4727197751955583
S308	0.9433300887837631	1.438062200997395	1.7889709489998404	1.5210340319748952	1.1408661026209388	0.48246912800675856	0.4697002434040393	1.4698475619755547	1.389426331902567	0.10666204295941355	0.6148525088026597	0.6690636866336567	1.6784702590785143	1.672380455391746	0.7595353161708189	1.2683885409876563	0.8614298132175733	0.6840446741588263	3.206442581692359	1.509704020686254	1.752121569904544	1.7446353457613588	0.7366527519283952	4.998660278817202	0.4224684224532054	1.0758772369196878	1.657720765091876	1.2140082169806954	2.4274579651910386	2.1826580912715183	0.9157950789363024	1.0333120359343961	1.6842069836030313	0.39730459896890763	1.062841531010641	1.0263852113863927	1.0914228555838792	1.41583312138823	1.1245625134106252	1.3744332728477207	0.5883895813307308	1.4177057016247891	0.0	0.5348866628587515	2.222289258134739	1.4137067225542825	1.121154692339845	0.8059302191306925	1.8217248370906711	0.640467774314662	0.6211583676108149	1.0950177184904963	0.8918006515915605	1.0955980892895993	0.7790245111996104	1.5485911737492803	0.47797966856419005	0.7140719610664329	1.4905408867646697	1.189412569949487	3.6344462824218557	0.5000499622517336	1.4927815483745546	2.4227771759231245
S210	0.6623557391862481	1.8742959656657694	2.2303351749616573	2.0508043452579154	0.7960842321312641	0.9427445646492013	0.4025329779626237	1.1895084968104972	1.908231000395182	0.6171654891335276	0.2641469486519343	0.4569834128954219	2.1969098377384753	2.1842303114086494	1.1215863173145162	1.2788566555082932	0.3537733402284464	0.6020845909126599	3.587817761418963	2.0272204081012797	2.275658070517049	2.235738165756967	1.2616749587630014	5.398115128613747	0.9526924138216784	1.3781829264464904	2.158977162510023	1.7240129969507199	2.479281741596271	2.071261726459328	0.9500485807381429	0.736388274237741	1.569905107823565	0.9242525183420158	1.5818706043662907	0.5568012399530113	0.7835578815894195	1.1345953549625085	0.7478546925611971	1.2815174994689944	1.1172887548249286	0.9783197040759171	0.5348866628587515	0.0	2.415202297419407	1.8612584898733726	1.6150303979366551	0.8762055690408468	2.0821805104371847	1.1671720481969245	1.0995765613980266	1.4956304212239733	1.1674438856335698	0.6897063429792475	1.1632518900323985	1.612647889253313	0.6976794198096239	0.7205334789320552	1.8830665573621086	0.7813203618684933	3.9839476876704825	0.27284856344175085	1.9389649696302804	2.220196723210535
S231	1.9608634201247404	3.132746282500175	3.3710498920155207	2.458968049843646	2.0549811605154944	2.4934873793023042	2.6390283383157493	1.8534390986876939	2.631209543839323	2.14724089877055	2.621849809123415	2.7918257598078666	2.004555793114909	2.8844137185482084	1.4985674278772838	1.2177646150685324	2.6200524832693293	2.871148770499335	1.6057494124355343	1.937837840663812	2.728981794355537	3.0825835831422195	2.3361841281421225	3.3249212399403625	2.171427728365291	1.1980605014863173	2.9365264906932396	2.638148213473016	0.708801755785141	1.358195802281742	1.489948950915789	1.9810649648349403	1.3329648549642419	2.1931409437719536	1.9916868190011139	2.3710010999793822	1.9851864648398856	1.8598216346993737	2.2012015655563135	1.37546087850906	2.126804046568134	2.3623283050223676	2.222289258134739	2.415202297419407	0.0	1.441519704588042	2.673310534606975	3.0242319111610296	0.4950452959063538	2.215109737051789	2.5122462128430127	2.990851609238714	3.0139461498497297	2.199481241700247	2.8011012615608126	0.8873221085262533	2.691803674847609	2.925795208824991	1.0938689962929364	2.2425694067096953	1.8069200675888897	2.1612328059391475	3.135486580838145	1.7597114702811014
S350	1.82449367579591	1.8200583341583338	1.9855736942115259	1.037916429335298	2.033359929782958	1.41897156032547	1.858297437890276	2.1107590220577546	1.2324945052225222	1.3283674748394454	2.0120573648692015	2.081611313651636	0.6545950992204617	1.5031409894293206	0.7961507646900687	1.4200752779321202	2.1866659431564894	2.0715196994721174	1.8663108141625833	0.5592582885493491	1.3062872805896104	1.6746523663430768	1.1257939308569302	3.6669369540185905	1.1156942481811942	0.6973429806167714	1.519538796097237	1.282192727795451	2.0157076877793556	2.2781939944446914	1.3728194428674123	1.9166186006148533	1.9155535981311698	1.1464113166694887	0.627621353435307	2.1589262095422184	1.956865049753627	2.079319178419671	2.129285634697165	1.6891023044735012	0.9833066045495013	2.4000455308210684	1.4137067225542825	1.8612584898733726	1.441519704588042	0.0	1.3325956744790288	2.0876745818699867	0.9556762328012275	1.030936445249418	1.3635392292972561	1.74486719378023	1.917516675701701	2.0810411292747317	1.6592239888974931	1.4197730891265197	1.7591417587043	2.0599306603613035	0.4097586186047118	2.1921872295731566	2.349570775876564	1.6907780945229733	1.7765710419715022	2.6635001539202317
S221	2.0359235560768534	0.5394666399746341	0.7489426221357052	0.6266817487259555	2.2474437366673015	0.6821495849957165	1.3306766899334759	2.5358833225194832	0.3573723585108078	1.0884831101820613	1.607880156201229	1.5215698631726648	1.1136631882522934	0.6191099591770489	1.316455723567312	2.1283116565828113	1.9200365042862628	1.3971329046116092	3.083402790891612	1.0141795646679546	0.7312344931658638	0.6309763805852993	0.44264187062133026	4.7432447681114125	0.7527294351976819	1.5644033876728225	0.5446021102560609	0.17462865261833121	3.1053704579885	3.0893816074992926	1.846535582722923	2.1336574436826248	2.6246465855984713	0.7637157813036571	0.7071163715977039	2.1434279571761876	2.191385752677798	2.485003361955737	2.2397649964174784	2.3216750347632926	0.662776427465063	2.537793643775594	1.121154692339845	1.6150303979366551	2.673310534606975	1.3325956744790288	0.0	1.2180346559174837	2.19187077270866	0.5653415566411232	0.5241641901474865	0.4845413114449683	0.8531709252295686	2.204679645591588	0.6175368648958595	2.3094991115451213	1.0395768445345064	1.2983422384990262	1.6230851741731662	2.309382308921185	3.5853273280290194	1.6206942301190974	0.47839554226593267	3.4031250100138783
S358	1.5283885754320239	1.2499194015059971	1.5953697190512917	1.8122281041405668	1.663299049538137	0.6846371225394617	0.5030632640518942	2.0596673525395897	1.5645021768684948	0.8776299089902793	0.7002773122087448	0.49261459335587415	2.1669305686777327	1.7511120899278878	1.5458782368313422	2.0368407693003507	1.0093592802593672	0.30974412324130685	3.918717287973023	2.0169666529117842	1.9468512814311452	1.7321884102826728	1.0629912201656224	5.667320133604513	0.9724269360337551	1.8702169326988418	1.712821791712409	1.3489567884711215	3.2067919531284383	2.879974288398305	1.6709173008649558	1.591722628259276	2.391443191185246	0.9425381641392317	1.574634767970979	1.385938525632523	1.6444854850160255	2.004436375543027	1.5680796816638234	2.095798667919329	1.1109126241012919	1.807098814953009	0.8059302191306925	0.8762055690408468	3.0242319111610296	2.0876745818699867	1.2180346559174837	0.0	2.617605489726906	1.0859830125608523	0.7936670973601856	0.8671338040879174	0.42491703067919234	1.558837867888843	0.606659893019652	2.332921182999463	0.3417110249680274	0.16933295760594755	2.22691443498739	1.6190558022560844	4.366825307621864	1.0576825432343429	1.341770517830433	3.065788758756789
S203	1.7266232712128597	2.664550577609978	2.8908441097467246	1.9799732990712042	1.8669898348857668	2.049268159716893	2.2560335934780884	1.754356086072268	2.149605772571877	1.7430654165530337	2.284725220248624	2.4339862123853497	1.5493813295336702	2.4149316627748214	1.072752654251787	1.02683083234494	2.3305014744039467	2.4933977778439127	1.624500489219489	1.4720083926049972	2.252892514360046	2.6029778654995943	1.871031168786362	3.4480422369148895	1.7218184590095353	0.7585115602610513	2.4540650663874866	2.1593776792336503	1.0950059469327915	1.5401862515945965	1.2246617965050806	1.7756360553367803	1.3370886157115083	1.7449797439015695	1.5040928003108034	2.136610019641625	1.7917374666217345	1.74652852097089	2.008880511814503	1.2578707392746857	1.6626886658536761	2.210737223947705	1.8217248370906711	2.0821805104371847	0.4950452959063538	0.9556762328012275	2.19187077270866	2.617605489726906	0.0	1.7469796644241011	2.0562054473651123	2.525813767438332	2.575375910930098	1.9839980390504843	2.3511747169966957	0.7987154970416376	2.278924979009206	2.5337211561346007	0.6315015600028537	2.0569883848040047	1.9557850710413267	1.8416005953265724	2.656198004635848	1.9460277608347327
S378	1.4961987581750416	1.0202399239539546	1.3067870537536368	0.8838923736261179	1.7131286284281815	0.4029831192924161	0.9857817786872858	1.9805986067243104	0.7715533569644131	0.5862212214296386	1.2226524262672323	1.2065027767841703	1.1101466687374149	1.0866966620358829	0.7762287316098676	1.566990829500062	1.497235980302567	1.1398520391103113	2.875879095945362	0.953966557455149	1.1177907417004485	1.1728145247703214	0.1945571107500812	4.627922620802404	0.22041351509429175	1.053178521695477	1.0614097969654706	0.6303572827884519	2.591050252363991	2.5354453340257024	1.285112793407297	1.5964085080995416	2.0619201259891518	0.24375847636646253	0.4913752533173643	1.6531487809276029	1.6527462938387532	1.9308619299587488	1.7265058438719152	1.7566738371660087	0.10026730744867117	2.024580717709624	0.640467774314662	1.1671720481969245	2.215109737051789	1.030936445249418	0.5653415566411232	1.0859830125608523	1.7469796644241011	0.0	0.3362175563733784	0.7901975439127943	0.8895038518743181	1.6863573262750986	0.6357935194421717	1.765288610801673	0.7853522391623371	1.0918905090043207	1.2477147350530375	1.7948716292501776	3.3508062925025475	1.1190305974163044	1.0219192807408937	2.841548432456377
S355	1.5605112150452765	0.8328447354322202	1.1691296586202529	1.0424774521029994	1.7616341750088091	0.15954233350191996	0.8250463325151346	2.0792400032486666	0.8364419822812937	0.6044140689553951	1.086207854921394	1.0137695439110264	1.3755117419182525	1.0949805936696702	1.034723092248956	1.7700364054514304	1.3975649963003336	0.9081426312058553	3.1957335029712928	1.2291783927255184	1.2200540846991583	1.137042906562359	0.27884442098422807	4.926141233480339	0.3592374693606358	1.3430823251194912	1.0655607888302263	0.6354650891712118	2.8431232821106787	2.7142826438134193	1.4440905183131865	1.651246242854995	2.2330583715799754	0.3522487909096505	0.7963976989366189	1.6318528716413425	1.710036906070011	2.0262171603048804	1.7368626773867382	1.9252754572283672	0.40075642022040825	2.0340975349606	0.6211583676108149	1.0995765613980266	2.5122462128430127	1.3635392292972561	0.5241641901474865	0.7936670973601856	2.0562054473651123	0.3362175563733784	0.0	0.5179747035992088	0.5542519071724977	1.7123314547154063	0.3013940737624825	1.9974203720993315	0.5441772927271432	0.8310636505752452	1.5655907661408421	1.8062521378053582	3.668278890556344	1.1172876066355473	0.8728296266534055	2.9943062749441216
S244	2.0344885748681256	0.4125747505671028	0.7490129718398233	1.0940657551410577	2.2231937444224856	0.618072612271444	1.1433952033566457	2.564674375101206	0.7987269205677354	1.0957428247674288	1.415213093620754	1.2726742842698398	1.5780453095374642	0.9217602214308351	1.539360668597216	2.2874947521478726	1.7455804086736728	1.1139468535069583	3.525517595618829	1.4681164562647513	1.1513043738739526	0.8698458696795792	0.6562279056634368	5.185329294847139	0.8746092222590227	1.8390729468524885	0.870528538236223	0.5990762568037544	3.3458543968577756	3.2197603700881463	1.9538613733026824	2.1190140244415203	2.7431506198027127	0.8690100680691935	1.1230712407139904	2.0450450189468232	2.178130791113551	2.510518898162276	2.172979997104044	2.437158532194854	0.8788894357168027	2.4627559689943905	1.0950177184904963	1.4956304212239733	2.990851609238714	1.74486719378023	0.4845413114449683	0.8671338040879174	2.525813767438332	0.7901975439127943	0.5179747035992088	0.0	0.448649643531458	2.157316005340509	0.3339699349067267	2.5108213654945497	0.8148683480768993	0.9881819946174816	1.9887133820736387	2.2417808931082943	4.014639710132021	1.5664827516175313	0.47787400855838474	3.495807732102196
S315	1.772515369167438	0.8258506656839439	1.1743589907747438	1.4659472802248574	1.9370917927727989	0.530275727913786	0.7911662035075512	2.3105591140916566	1.1937895920468062	0.9267242556700508	1.0389022112464326	0.8659630820533726	1.8815426478208108	1.3481405412672351	1.5192511540278577	2.1570592272660996	1.3678224022002976	0.6937499674657166	3.7399577030084283	1.7468507484692282	1.567985990708085	1.3175501330550279	0.8081091761470758	5.446731500678378	0.8599863756997641	1.8449226932718397	1.3109768500728762	0.9786457953748632	3.2807927689980763	3.0496349002538325	1.7961296098551982	1.84561184292593	2.5654088028651088	0.8398518186213955	1.3396069666217945	1.7089240132675725	1.9031562486297122	2.255199269361924	1.8602881386195709	2.2623643917797294	0.9468605593195034	2.132577897028039	0.8918006515915605	1.1674438856335698	3.0139461498497297	1.917516675701701	0.8531709252295686	0.42491703067919234	2.575375910930098	0.8895038518743181	0.5542519071724977	0.448649643531458	0.0	1.8542238136900189	0.2665384523543748	2.418625972666183	0.4741718363837135	0.558577071117044	2.1050434721860287	1.9237262829152466	4.208493528151526	1.2879047118470062	0.9214687842672084	3.2834111672097284
S264	0.27507151860171336	2.522705251395134	2.8733916264709984	2.542077195995083	0.21048461441158653	1.5666514393151134	1.084736430353898	0.5632969139463713	2.4573335166056283	1.139404886924299	0.882943924091752	1.0997520870727995	2.560645914552279	2.755615535660442	1.3187415372740607	0.9849078675863219	0.6471844832761038	1.2691640919275344	3.594458773440971	2.3933533169447174	2.7968861204611386	2.8331849533412883	1.8145073297318355	5.4081558854523175	1.4738552457943754	1.4397336957905174	2.736782397087	2.298114860962563	2.09577396213136	1.5582572657579794	0.8250360812225676	0.29863675658011474	1.0790544182754815	1.4536730908797857	1.996717531433249	0.2586822697560847	0.27890067280063047	0.515132051455206	0.3438709466848146	0.8567438559609388	1.611598504749871	0.37277187657919314	1.0955980892895993	0.6897063429792475	2.199481241700247	2.0810411292747317	2.204679645591588	1.558837867888843	1.9839980390504843	1.6863573262750986	1.7123314547154063	2.157316005340509	1.8542238136900189	0.0	1.827379966482524	1.3220547260675244	1.3815586967921638	1.3986414157834417	2.0006407662990693	0.258927686751328	3.928409628210967	0.6189260659724345	2.57787716756595	1.6172048604556417
S290	1.7106104355950174	0.7206476095096539	1.0771909321935584	1.2173174857690168	1.8946972637816415	0.3283003754882702	0.8193885922747228	2.2438619437941485	0.959580160152272	0.7911418273961088	1.0861104847430465	0.9560557588088752	1.6180785616143905	1.151710551318707	1.314604834408488	2.010053320400601	1.4155128092988702	0.8092636512162411	3.4810131401261404	1.4823350892184535	1.34192153700849	1.1473023672655616	0.5459145661455711	5.190039821393485	0.6403622129352472	1.6322882096928915	1.1160188317377	0.7432977482029837	3.1066179601372554	2.9311158647643754	1.6637427456982563	1.7927440002199466	2.44816204426262	0.6259315605726644	1.0741567817236275	1.7113705241452768	1.8516272294516283	2.189281064952918	1.8414693666922173	2.14176354984114	0.7018476864827765	2.1293159312481946	0.7790245111996104	1.1632518900323985	2.8011012615608126	1.6592239888974931	0.6175368648958595	0.606659893019652	2.3511747169966957	0.6357935194421717	0.3013940737624825	0.3339699349067267	0.2665384523543748	1.827379966482524	0.0	2.2532806367959677	0.4876993909237193	0.6964750710947984	1.8610088889303311	1.9090424743052024	3.9545139536934912	1.2373245829077397	0.7942921890775836	3.1905549319447655
S217	1.0906633708746563	2.7434966176074425	3.0479470498821404	2.310328424737847	1.1691972739954573	1.929925476007715	1.900702792124744	0.9882289330487463	2.3847128146215977	1.4951214109418074	1.8258459954224564	2.019658239401208	2.0296873987173987	2.673828906785743	0.9933708752349463	0.3717205779310385	1.7737755508742121	2.1288068187427642	2.3882357753255015	1.900370263850758	2.600054972687809	2.841869711257489	1.9029332041274065	4.157767078672665	1.643946801559559	0.8021933031475535	2.70795964201508	2.31982987708366	0.8916571791382595	0.8702491689100473	0.6770011041938353	1.0993006864973625	0.5458085521007392	1.6544781514092877	1.7427999064971456	1.4942259363907109	1.1002056769873498	0.9876641668431698	1.319450712631011	0.4979981923737189	1.66564676791439	1.4778978460526404	1.5485911737492803	1.612647889253313	0.8873221085262533	1.4197730891265197	2.3094991115451213	2.332921182999463	0.7987154970416376	1.765288610801673	1.9974203720993315	2.5108213654945497	2.418625972666183	1.3220547260675244	2.2532806367959677	0.0	2.0233299850903634	2.2086191671360167	1.1313521445772043	1.3559872301379363	2.6569133205898905	1.3572981515481999	2.7734984156388585	1.2449118314362781
S204	1.3026323391938317	1.2051064910472842	1.5614418432061474	1.5862111989736754	1.4674765473492617	0.4009134359060766	0.3396020710487205	1.842266519208944	1.3730260321891883	0.5458868682910798	0.6056517774879241	0.4844793157479928	1.8863177328401994	1.6056710095552513	1.2075384618251692	1.7357470096819012	0.9333688985947919	0.3679456286044684	3.590017189005443	1.7295341089299627	1.757902665425491	1.6208630159908466	0.7961101322488434	5.354164324820089	0.6449858597071315	1.5302039944294168	1.5720565589439415	1.1646276275418066	2.9000790114987605	2.6199378383239824	1.376269666148127	1.3803040079883881	2.1246729045555997	0.6135614389445979	1.2762306443809086	1.2463970276183707	1.4362768024819001	1.7868640482279938	1.4035146764526147	1.8199623714220532	0.7952357353017347	1.6697087089179021	0.47797966856419005	0.6976794198096239	2.691803674847609	1.7591417587043	1.0395768445345064	0.3417110249680274	2.278924979009206	0.7853522391623371	0.5441772927271432	0.8148683480768993	0.4741718363837135	1.3815586967921638	0.4876993909237193	2.0233299850903634	0.0	0.30883870199660135	1.8922125243475927	1.4609493631323496	4.036572658264134	0.822637333576329	1.2789715086239895	2.8331467348960357
S310	1.3738013846257895	1.3719351603071597	1.7290888909103117	1.8696860566459343	1.5014507561681425	0.6995170814719709	0.37435653646895817	1.9007319549362263	1.6387255136692829	0.7926041724704692	0.5324044646052483	0.3249264063738992	2.1861538059558727	1.8415274406364714	1.4675142796672767	1.9077481068769164	0.8423441782026263	0.14227914289466687	3.87856108416213	2.0298834162455925	2.024606614057352	1.8410732908838139	1.0884071569012375	5.638478481567918	0.9487992635681131	1.7896535202529356	1.8115395467257307	1.4242266297501376	3.0802666955553097	2.7298515324833224	1.5395908499805422	1.4317092379399068	2.243828659625593	0.9180123392232243	1.582572899892441	1.2201367275621744	1.4839689298473997	1.845642024429528	1.401002227345175	1.9530349530134907	1.1015886757466198	1.6404293301838353	0.7140719610664329	0.7205334789320552	2.925795208824991	2.0599306603613035	1.2983422384990262	0.16933295760594755	2.5337211561346007	1.0918905090043207	0.8310636505752452	0.9881819946174816	0.558577071117044	1.3986414157834417	0.6964750710947984	2.2086191671360167	0.30883870199660135	0.0	2.1732640500270044	1.4521648955225248	4.3156925420115595	0.9073656752929986	1.465672011093589	2.9068980440576944
S349	1.729779431776975	2.0783599432291497	2.2908079938135555	1.3692881366031424	1.9137541613803926	1.5936569937260379	1.954913201349771	1.9364248988008856	1.5446250310553462	1.3971556532842218	2.0428103367858905	2.1454966051052713	0.9494923921058998	1.7917675829253754	0.7617840948765693	1.2189347081582695	2.1744478283585007	2.163566354774138	1.717529934481552	0.8569478347628764	1.6422836802206908	1.9912388315428173	1.3394477186591744	3.5271144133581567	1.2761896729763968	0.5869855850131934	1.8467996652595005	1.568095908791445	1.652252737871138	1.9555155723166069	1.2135004211398985	1.7941675148804501	1.6534792179051412	1.3073109337337896	0.9330831512679602	2.0921005939620527	1.8303133213459064	1.9112918099327352	2.0075793681470953	1.4771201303637986	1.1782379233163733	2.2799657588267395	1.4905408867646697	1.8830665573621086	1.0938689962929364	0.4097586186047118	1.6230851741731662	2.22691443498739	0.6315015600028537	1.2477147350530375	1.5655907661408421	1.9887133820736387	2.1050434721860287	2.0006407662990693	1.8610088889303311	1.1313521445772043	1.8922125243475927	2.1732640500270044	0.0	2.077813386428067	2.1488122526887534	1.6682552564911162	2.0701605925820785	2.3642557111030187
S329	0.3925146715072589	2.595453250173074	2.965192408276354	2.6478842512155056	0.21220846338613722	1.659036110057977	1.1804971072480268	0.554303927449665	2.5582772358247228	1.2246669288802805	0.9204866398871779	1.1401726094262195	2.658745906197646	2.8386095071807196	1.409920132875304	1.0588691520116065	0.6552738915955961	1.3173470217364809	3.659736017020817	2.489598261156816	2.903777655599983	2.9302154235117914	1.9051557369181698	5.445704999049696	1.5778035083000108	1.545705195742986	2.841061466951638	2.3930368404208675	2.0848474352881903	1.4900003008244453	0.8704042088366764	0.28702143195421215	1.0615423634587862	1.560307243886287	2.1097799781382007	0.2632929948579667	0.2674570607221515	0.5111201227848341	0.13469943826236197	0.8922964506750897	1.7188471768253915	0.25002855406305735	1.189412569949487	0.7813203618684933	2.2425694067096953	2.1921872295731566	2.309382308921185	1.6190558022560844	2.0569883848040047	1.7948716292501776	1.8062521378053582	2.2417808931082943	1.9237262829152466	0.258927686751328	1.9090424743052024	1.3559872301379363	1.4609493631323496	1.4521648955225248	2.077813386428067	0.0	3.974993019698636	0.6895861088086468	2.6709001153926026	1.5369128915885637
S240	3.668264958728175	3.9822783503128436	4.084234068848267	3.0907913971812584	3.7950217077369675	3.719786639539315	4.098336882050107	3.6434091113412	3.368002397246681	3.5401853605906908	4.156256638537133	4.277117613362344	2.5182211391840137	3.4896309894383006	2.8869432171212273	2.9591069651241635	4.240217719558031	4.304233537210421	0.5401620826709437	2.579638720126422	3.253702129254543	3.708461541019026	3.411674932594257	1.527749808778693	3.41337466775687	2.6281413421885014	3.5775948699881335	3.481036300996683	2.3078449739602527	3.077501442523493	3.1425743512417394	3.6994330541493086	3.128971631860809	3.4462252578952954	2.9307647295978243	4.069803078853278	3.7161539588723227	3.6444091289917644	3.9144047185603763	3.153103371132298	3.2969993127998247	4.125944184401752	3.6344462824218557	3.9839476876704825	1.8069200675888897	2.349570775876564	3.5853273280290194	4.366825307621864	1.9557850710413267	3.3508062925025475	3.668278890556344	4.014639710132021	4.208493528151526	3.928409628210967	3.9545139536934912	2.6569133205898905	4.036572658264134	4.3156925420115595	2.1488122526887534	3.974993019698636	0.0	3.7435582057072456	3.9522101119002615	3.4717024139437913
S205	0.49209484013251964	1.9172016915452357	2.280017584892715	1.988535094127379	0.6583312384599262	0.9718062762662493	0.6020741366352548	1.0238262546898487	1.8788597649455083	0.5415193487676557	0.470569349585669	0.6700857609808072	2.0687303312038128	2.1596602635342363	0.9159638911048249	1.0388235672819517	0.5073989123642489	0.8016561889483925	3.361433910436809	1.8973124912966188	2.233469926911698	2.2423890052726647	1.2236637390781842	5.165163694360809	0.8993417207136846	1.1626943270397396	2.1549497668833464	1.7082720012466706	2.2211739343310817	1.8364148204864297	0.6865588353036515	0.5596726453681359	1.338883745300706	0.8794911666024192	1.4813741624835586	0.5414574313745187	0.6171219141066219	0.9684436474116725	0.6285629620709908	1.0500278879656924	1.050573876906248	0.9205204335038645	0.5000499622517336	0.27284856344175085	2.1612328059391475	1.6907780945229733	1.6206942301190974	1.0576825432343429	1.8416005953265724	1.1190305974163044	1.1172876066355473	1.5664827516175313	1.2879047118470062	0.6189260659724345	1.2373245829077397	1.3572981515481999	0.822637333576329	0.9073656752929986	1.6682552564911162	0.6895861088086468	3.7435582057072456	0.0	1.9847926105056832	2.018017796091241
S214	2.4328768125391886	0.22695100497571533	0.2965020255484716	0.8848671689748163	2.6336249487935137	1.0136277707140695	1.6007296287160564	2.94994162295133	0.5891183909012511	1.475167486054973	1.8796687594747314	1.7467352852717741	1.4436085804247911	0.5743776995988286	1.7809117750867447	2.5872248623275067	2.207858196810837	1.5907487871840023	3.445547217829836	1.3806697966395813	0.825611193516986	0.429564033590949	0.8756911534420508	5.025403122569828	1.1810859840470043	2.0395748433948615	0.4845757760704205	0.5024716976173754	3.5676315856384355	3.5336625322553554	2.2841963549641924	2.523377588101917	3.070471700267173	1.186304108414391	1.1634264115395097	2.4856059101288444	2.5825093082612103	2.897317796064221	2.5997743808619043	2.76782683048849	1.1198871719465429	2.8965500401601556	1.4927815483745546	1.9389649696302804	3.135486580838145	1.7765710419715022	0.47839554226593267	1.341770517830433	2.656198004635848	1.0219192807408937	0.8728296266534055	0.47787400855838474	0.9214687842672084	2.57787716756595	0.7942921890775836	2.7734984156388585	1.2789715086239895	1.465672011093589	2.0701605925820785	2.6709001153926026	3.9522101119002615	1.9847926105056832	0.0	3.840430727260633
S232	1.5728805726638322	3.780119137607289	4.128957157853024	3.5048072168207973	1.4467475468547686	2.8854848717995885	2.609615775444085	1.0620779117954076	3.5364601102088997	2.4044538921786396	2.399970132836892	2.623965137687326	3.2628462098312134	3.819642222762029	2.128307124894549	1.3270721620785113	2.183406918180815	2.786219404871109	3.350930113688605	3.1271821504469672	3.793387086576573	3.9782245543362342	2.9715155931868926	4.945508523157154	2.670089822049315	2.015585467521039	3.857997181819921	3.435277658453575	1.1657897815444664	0.4464355159877683	1.5582773088405943	1.4848074804062945	0.789312395240238	2.6701168921130787	2.928805586095461	1.78982012110685	1.4401020191810119	1.1120939729512753	1.5552164719723607	1.1043239173037103	2.7431266029539665	1.4727197751955583	2.4227771759231245	2.220196723210535	1.7597114702811014	2.6635001539202317	3.4031250100138783	3.065788758756789	1.9460277608347327	2.841548432456377	2.9943062749441216	3.495807732102196	3.2834111672097284	1.6172048604556417	3.1905549319447655	1.2449118314362781	2.8331467348960357	2.9068980440576944	2.3642557111030187	1.5369128915885637	3.4717024139437913	2.018017796091241	3.840430727260633	0.0
