	S339	S311	S223	S316	S303	S387	S370	S304	S237	S328	S306	S345	S369	S354	S252	S323	S324	S275	S256	S360	S262	S281	S377	S293	S373	S245	S357	S285	S336	S330	S363	S202	S229	S228	S277	S376	S265	S361	S215	S368	S352	S251	S317	S362	S342	S212	S289	S247	S326	S250	S274	S197	S279	S386	S268	S261	S340	S286	S213	S264	S322	S374	S204	S329	S205	S234	S299	S364	S232	S351
S339	0.0	2.7265106272583	0.7365047963075605	0.8434040198554071	1.579283327836547	4.908440659361199	0.878021540643764	1.5714519308806383	1.4349505790060404	0.4719073338435748	0.6982932545991126	1.9666472220330742	2.3468600219454205	0.864899846581482	2.037039581691921	1.488238644211894	1.5410383052991663	3.5263181499671794	0.5064884800879789	0.19983392835801408	1.018182251429988	1.1432809308034044	1.8065495924567851	1.1257661943070278	1.1884253649713	1.1606289731940467	1.8168612635135608	0.6763720369554775	0.8266513247300151	0.3398086978970644	0.44670273266155414	0.9185516082833886	0.21314220641553538	1.909593866421753	0.3706882956647283	2.458244864211204	0.3863395784477773	0.5259035947943438	0.2912513001051946	0.7107385134328984	1.7249956189174507	0.7037085672657389	0.5426071976257909	0.6080917267110068	1.6655641753265118	1.0966882535553775	3.1115830912743077	0.7785144538972231	0.5132282115411341	0.6449852676023772	2.2365648577874957	2.8059700189648398	2.8886757527619036	4.5904207156717804	1.7545509248940014	1.7062008609727677	1.8896151310228524	1.5634924177851879	1.518104552653824	0.2601421177099297	2.083044890647473	2.232999056850428	0.9197671427562628	0.5955688450427465	0.20363929777204104	2.319862476574992	1.6691688019130368	0.155185863096873	1.9705723026926505	0.4485696114972318
S311	2.7265106272583	0.0	2.740216820145203	1.959119808027214	3.1003871175233657	5.644427388542696	3.4649256100610666	1.6956931686318248	1.9381085598212748	2.965991741304551	2.410053044415573	2.6301662187014143	2.024419495628753	2.1856128706097278	0.7016274520893087	2.8465463919862892	1.1995953713102119	1.4744066608865836	2.7046615074081934	2.669213358994922	2.207042217835281	1.6132691649625044	0.9712207370334326	2.940151002976585	1.5868710615683288	1.588020699550219	1.276477699099025	3.039552730910373	2.58180018697352	3.020617717430538	2.395274766089186	1.8384147663291062	2.5932748483407715	4.300780211848152	3.0425547828532538	2.051995142483578	2.963535305137522	3.1260041300152066	2.4774824032201206	2.05728090273589	1.1130261484646402	3.3288370095961164	2.1934680239907296	3.2149336865871763	1.3014010258947388	3.30121868647832	0.8331023263517744	2.2434736214936075	2.2257661161811013	3.3358304612128125	3.557757061375372	2.41508569888073	1.212761179497999	5.131417511168368	1.055656934653018	2.549124313386476	0.8658743018299645	1.173282438440681	2.886289345809655	2.9850800749954107	1.7727120607918294	0.5664456093900051	1.8964784144179996	3.255834781296363	2.659653961209231	2.3354897035081916	3.6049997442777086	2.571754763507679	4.4009877495828125	2.446389088968613
S223	0.7365047963075605	2.740216820145203	0.0	0.8336665107138499	0.8493836160960646	4.1791433839056324	0.8116563455890969	1.2313711025185672	1.0120622473644016	0.44211073442443566	1.3170580726115884	1.2892322876781979	1.8402028118277323	1.4107413554836978	2.1207837210907297	0.7599917648802933	1.6146068763641988	3.2491926605815618	1.1906005202457635	0.7664596792735544	1.5948248479056069	1.1848934793973946	1.8183949220450872	0.40821450709633156	1.1769862154574706	1.2653228651795372	1.6005235926594192	0.34938005888305024	0.19788007238122096	0.8148729754535223	1.042283618316426	1.0374417295594596	0.5923166232752927	1.6057199512207774	0.8298923859554838	1.9375733718880692	1.0490383892765256	0.6421975281358888	0.7595681949782097	1.1041022574382	1.6514186691191264	0.7461519571778799	0.902543361004418	1.0163796992064573	1.4837834114651658	0.5753114958661016	2.959492722243024	1.3614097939927998	0.7563626771327595	1.1041583755504607	1.5169536019816434	2.2287905515208704	2.599451502265231	3.8546046793520197	1.9104714771850384	1.043175742339659	2.0139962967604688	1.6998327236589306	0.7879579254554449	0.8355489534275936	1.6338959328326925	2.328442895636994	1.305454500424836	1.0437211068794727	0.6782636796003754	1.7251448227517803	1.0441918402585648	0.7457199488725592	1.6837625030040613	0.5059200008871906
S316	0.8434040198554071	1.959119808027214	0.8336665107138499	0.0	1.4802636640191251	4.696945227934778	1.511911964461665	0.7832378866402655	0.7288988511004585	1.017639785321025	0.9600513079040207	1.5008721071126283	1.629815358485236	0.9058557456100044	1.3054870416783633	1.2734213428668655	0.7915104886199849	2.6866228705705035	1.0677089888031088	0.8243903785412647	1.0775545313992176	0.35773724405218915	1.0230250929734668	1.1409021813298177	0.37303131997364447	0.43512860404582665	0.9764575857249975	1.09168002001599	0.7175392418352011	1.1346575463942672	0.7262182746693723	0.23441303700826932	0.6801309246214681	2.4151200523392284	1.159490436378502	1.7375940348927257	1.173981976330831	1.191532319899464	0.6411200169112186	0.5145069209256946	0.9003059028212556	1.3776281053010826	0.4446326247703523	1.3707197092956513	0.8290154483454267	1.4079094449882765	2.281862973275247	0.8773838180740814	0.3510898434611446	1.4712818457858925	2.112088127379607	2.1299710184938463	2.0494942088877512	4.300349151926157	1.0797840074335163	1.261044143657105	1.1883298246818068	0.8707255584948617	1.3155634021422624	1.0974857800858382	1.3225536533657205	1.5100187576123776	0.6283985828311274	1.3989617391746778	0.7834262957169601	1.6867594140893352	1.8394828820197255	0.7053643728763073	2.4978210886603733	0.4943643131587926
S303	1.579283327836547	3.1003871175233657	0.8493836160960646	1.4802636640191251	0.0	3.335974725781418	1.300436588999917	1.42441457335812	1.177435879586683	1.2051429944701733	2.1544299895695715	0.7818363574742447	1.609748189430424	2.2247318899352138	2.59502916637014	0.256075632147796	2.136764997274988	3.2316646200874026	2.036335430172614	1.6109538485577302	2.412226521872969	1.7631977869943256	2.25759442320719	0.4562334003791657	1.722511953523344	1.866067386830076	1.8486772075732987	0.9965164706057097	0.8229475800029113	1.6066155411073522	1.8794721546394904	1.6939307770263503	1.4411138013068088	1.551870018047718	1.615100313142463	1.673915067817732	1.8714832985893053	1.352777487220313	1.6001839881541455	1.8848935785816536	2.0400861539961563	1.3483550215900002	1.700044459041312	1.7540383460221425	1.8076826466139402	0.7391474629026934	3.1151036791588593	2.1837986147659327	1.543984265772177	1.8320837189688788	0.6737656153202256	1.8156648981190164	2.6170344482039267	3.0152964044495723	2.455309171963333	0.667225299482849	2.53238692876193	2.2629828653642834	0.21899381306457832	1.63884847405151	1.5559525338033577	2.7896833005314545	2.0626203443554143	1.784385085033779	1.5227219490140516	1.3446441521245742	0.5769117970241545	1.5922914621731528	1.6240527300400944	1.3021683784239741
S387	4.908440659361199	5.644427388542696	4.1791433839056324	4.696945227934778	3.335974725781418	0.0	4.425314379706452	4.262804687750483	4.112385555171284	4.4972653657847275	5.458614915994109	3.2479398672862985	3.714805065491765	5.506888889993884	5.43397551703983	3.470673609777337	5.132394261960725	4.94259501070902	5.3462460120782875	4.923899574365875	5.695195987941212	4.883110821144488	5.126926438321158	3.7881712168030055	4.812647514480944	4.996811573128041	4.5741567064201725	4.28325570467065	4.141771323008233	4.886555259791193	5.200433262614258	4.899316697640504	4.766815314054913	3.8978464261108874	4.887995800474949	3.648144913138361	5.167332749838772	4.599667719797827	4.915232510352051	5.158692129212005	4.8893149621242	4.541426676701892	4.991696156769405	4.967383194043105	4.6230556644977705	3.9088468972567973	5.270717878058962	5.489002744111138	4.840219737991844	5.048689325145537	2.6991478527570587	3.323968254120068	4.636118776230969	0.5844609582421345	5.437248330730644	3.469260614088374	5.44751862487254	5.278956913143663	3.433839752417965	4.941886942331059	3.950968627002122	5.584569406586195	5.305552663796258	5.007545799331703	4.836695164328194	3.3790969076184996	3.348606822556897	4.92380601242923	3.9266641631250834	4.627048244527337
S370	0.878021540643764	3.4649256100610666	0.8116563455890969	1.511911964461665	1.300436588999917	4.425314379706452	0.0	2.0363772528167594	1.8207191341923754	0.5015442149288545	1.523664813750138	1.974659231198446	2.6230806620801648	1.7145855367204004	2.805910430948104	1.3621814737295552	2.295756165182733	4.0567709846463815	1.2420046781030967	0.9405929452224705	1.8635098026466586	1.8652082258816856	2.5336911859049756	0.9374005953037514	1.8811240376842475	1.9169543541996172	2.389890443832374	0.47142227254442465	1.004666580524972	0.6535730271523945	1.3192540519474776	1.6664089303652476	0.9190888836628741	1.0594979173487113	0.6453724233469086	2.7201819622581436	0.924464685016593	0.39345949396597363	1.0877467534712064	1.5564560347803862	2.3983344349899283	0.17843211122111893	1.360225962839898	0.6835083251814545	2.259388251746324	0.5661047769435507	3.7452519589219113	1.647903225079593	1.2755835002154516	0.6582662722989212	1.8443240959465752	2.975626985179546	3.4076110284082435	4.192650345647706	2.553703559464764	1.7541603365794096	2.6758483842332406	2.3481990486000393	1.3689114530715392	0.7141558384384469	2.439634717212498	3.0119968140495375	1.7709194995033564	0.6636874596358401	0.8998492484097734	2.473308070025677	1.0783932462591599	1.0110079262526055	1.1016524502560066	1.0485445665212167
S304	1.5714519308806383	1.6956931686318248	1.2313711025185672	0.7832378866402655	1.42441457335812	4.262804687750483	2.0363772528167594	0.0	0.2519300551867236	1.5965213978759987	1.7277393852671652	1.0340090996411926	0.8647549224956653	1.6346708187094419	1.2422705502249936	1.1685256957611914	0.8788107381412287	2.020954301123718	1.8476144203052838	1.5644378777867922	1.7875974559288377	0.7276155405754454	0.8926488651636154	1.309203796014184	0.6571731438594193	0.8231489398531253	0.4261101980742783	1.567023307073804	1.0386249964047416	1.8319620658122173	1.5085170528425602	0.8609299955378554	1.3913465618829055	2.7619507315751046	1.8550115055283598	0.9695970645174	1.9268032153604153	1.7988132205176521	1.3990264312716192	1.262876034937504	0.6599494472387762	1.947185076120039	1.2256481669725707	2.063785187729937	0.47164179485227603	1.7245886502436734	1.7503068431539388	1.622493574575522	1.125232254468809	2.171374489085358	1.8953584922580937	1.3801627810552524	1.3721143479551872	3.8071271666123265	1.1764913406897919	0.8832782073789048	1.2222097567504207	1.0441834907251335	1.2074344315063579	1.8042033629387693	0.5442143544691805	1.4097699494069655	1.3013305906523052	2.098937106369301	1.5052905645376582	0.9938294132968407	1.9506799224313143	1.4542006684325417	2.84835948857124	1.1433829742007173
S237	1.4349505790060404	1.9381085598212748	1.0120622473644016	0.7288988511004585	1.177435879586683	4.112385555171284	1.8207191341923754	0.2519300551867236	0.0	1.4023995173767607	1.6841439410039434	0.8656686288136474	0.9230492449430159	1.6248603084415085	1.4544192182269418	0.9222294138846955	1.0435116718895372	2.240417613489143	1.7599446576955393	1.4358072499524501	1.791915238638898	0.7921005070063332	1.1047047683847975	1.060593086290095	0.7282638423653729	0.8982530357685587	0.6763155583597604	1.3506207556528163	0.8165578304006514	1.672358244004305	1.4401634440082878	0.8630881824860784	1.2504860029558411	2.5188668058492145	1.694399264127051	1.0294408837675209	1.7979475807599319	1.6079280306081225	1.288475341140917	1.2395981620729015	0.8781883477429014	1.7431591273625782	1.1618722938776893	1.9020153797941821	0.6735115818840853	1.4824255031408797	1.9972060240204559	1.6037982665963235	1.0376187877718446	2.007325277923764	1.6738673294386115	1.4058835846270743	1.5932396807762839	3.6761016657389356	1.3553337106818173	0.6764219852618545	1.4162529628222154	1.1993224977371035	0.9619481036352878	1.65148219909974	0.6518099743076806	1.6327786069940016	1.3187189154112917	1.9367519654431564	1.367700835234665	0.9591453560214752	1.6992380203455384	1.3339343085192163	2.603670745284325	0.9981908074846717
S328	0.4719073338435748	2.965991741304551	0.44211073442443566	1.017639785321025	1.2051429944701733	4.4972653657847275	0.5015442149288545	1.5965213978759987	1.4023995173767607	0.0	1.1251655247077474	1.7274182554292123	2.267283440014832	1.2836779077849916	2.3059031265387535	1.1704382387687786	1.798978755572019	3.6129423490837693	0.9053967555997774	0.5152454288636235	1.4501536412632912	1.3694496261182627	2.0403955137491883	0.762761700707588	1.3848049923088088	1.4233890590731455	1.9230032531689656	0.2468992571503769	0.6190191436853157	0.4024141646669276	0.8875502997763961	1.1755606994100498	0.4391810238502051	1.4755460581599007	0.41286369304899756	2.367514235565075	0.6756479133593836	0.2102579061611772	0.6200052784309206	1.0787123786755979	1.9098214316564055	0.37014279470859174	0.8755725220583843	0.5942228470367451	1.7792184396260107	0.6408548626978441	3.2716526073049708	1.225379807879006	0.7815680928872574	0.6634677165967194	1.8474238078626701	2.6686716231196046	2.963109764683396	4.206927988982283	2.0611091277560516	1.4838416849396265	2.176292791638846	1.848864550577343	1.1921251730184201	0.45505082406353564	2.0429487764989345	2.5141964107329446	1.293877081190894	0.6081493417634699	0.4490326481116072	2.1657237237031537	1.2154031965670793	0.5659336686356881	1.5445902741531161	0.5737349227964562
S306	0.6982932545991126	2.410053044415573	1.3170580726115884	0.9600513079040207	2.1544299895695715	5.458614915994109	1.523664813750138	1.7277393852671652	1.6841439410039434	1.1251655247077474	0.0	2.3892347986578564	2.5856778621408014	0.23846263640037205	1.7228482175364894	2.018173642639675	1.3312708742487327	3.4655372879741915	0.33314683759960034	0.6115659120723361	0.3437925467937142	1.073998088834384	1.6153054245385445	1.724703326539098	1.1342998984469677	1.0437143662230504	1.8222760377494367	1.3465408277804887	1.3485464728872627	0.8785726345997997	0.32051244261982337	0.9087310264223432	0.7381362572869935	2.5087040459142753	0.893079687611181	2.688371694570153	0.6682699505962378	1.1456147534440704	0.5575717110884757	0.47560218114141795	1.6141723044910545	1.3484186084630778	0.528682244407853	0.99812448288833	1.6272910003414882	1.754871623378471	2.955257482057659	0.24843476996643737	0.6790788956646572	1.0744905299891316	2.8261294613439674	3.084158883161695	2.8623180128285526	5.111560224223829	1.4543963796998332	2.1421156048634886	1.5576104168956917	1.2685753339945116	2.054583568198697	0.8510322691336406	2.2653547167477814	1.9077046696535107	0.5385955725425018	1.0127994383366896	0.6834813473181784	2.635062910581745	2.309958640424456	0.6157156614643815	2.584176429598144	0.9159132258695019
S345	1.9666472220330742	2.6301662187014143	1.2892322876781979	1.5008721071126283	0.7818363574742447	3.2479398672862985	1.974659231198446	1.0340090996411926	0.8656686288136474	1.7274182554292123	2.3892347986578564	0.0	0.8752958132978815	2.381278153572878	2.2602724561434426	0.6205096456195298	1.8993029344251338	2.5162903938618166	2.3773337845104487	1.979356397613155	2.5623856027823617	1.646056493824352	1.923700480179845	1.0386837089068404	1.5796247776482302	1.755866319851092	1.4031074560411065	1.570735320077031	1.14658632124253	2.1001776955824814	2.1243012725952526	1.680603648797648	1.7883680315912036	2.3200151657851746	2.1151144258782426	0.914635416537604	2.313109301790101	1.9157002443676694	1.8933727438774688	2.0020569240739654	1.6872128290835255	1.9753601670150085	1.87130749013624	2.288629175443497	1.440883334628216	1.4547924850948226	2.4941245673355428	2.357978588667938	1.7226466809401297	2.3907990789847453	0.9529633937556088	1.039753887563285	1.9362311869441742	2.817642662098396	2.207166566214846	0.2731824415861453	2.24700038562653	2.052642247202359	0.6242800854177027	2.111244535178008	0.9066753195427996	2.4264250044249787	2.1207746396211578	2.3276442602955525	1.8940805900177968	0.5678934615383465	1.344127978883694	1.9191266603186186	2.4001340436536105	1.5693386589489655
S369	2.3468600219454205	2.024419495628753	1.8402028118277323	1.629815358485236	1.609748189430424	3.714805065491765	2.6230806620801648	0.8647549224956653	0.9230492449430159	2.267283440014832	2.5856778621408014	0.8752958132978815	0.0	2.4992691789246355	1.83545218060718	1.395440304443736	1.6352373116954366	1.6632329710173328	2.6808179407349506	2.356374476704964	2.65173170625511	1.583216766183592	1.5290887261934354	1.73086370129275	1.5144677443738173	1.666713055970433	0.9823826969118772	2.1654883579511632	1.6502004222116733	2.5745306039364575	2.350706766967388	1.714952252054268	2.166884054753415	3.1435184793324877	2.595879798871736	0.1593868014658548	2.7159431472291504	2.4740611478428467	2.2114130373181324	2.124137725551397	1.322241764867551	2.577415803673078	2.072315357531757	2.8002711790770647	1.1642368282058093	2.1791731810895336	1.7018303255391987	2.4824274461480416	1.9551497230210475	2.9015252969607306	1.7772416483658273	0.5353671570528271	1.1158674675893525	3.2037222475320077	1.8688743245386366	0.94781867232129	1.8811965603690135	1.80525782349839	1.4147476127355336	2.551609414212507	0.36290690323518626	1.9364585722374563	2.1645164413165525	2.8349401197155726	2.2858227921434073	0.3779336946516216	2.1853543837690235	2.25115305387416	3.2227994009159353	1.9028230601495342
S354	0.864899846581482	2.1856128706097278	1.4107413554836978	0.9058557456100044	2.2247318899352138	5.506888889993884	1.7145855367204004	1.6346708187094419	1.6248603084415085	1.2836779077849916	0.23846263640037205	2.381278153572878	2.4992691789246355	0.0	1.5029454301526655	2.0658260416540277	1.1418682502256943	3.283669517657775	0.5690917834403402	0.7797795606117383	0.18870571049502852	0.9415859657289292	1.4224669218379349	1.8118306267267283	1.004321007300437	0.8973172069426139	1.6786567530675032	1.4902253018448999	1.4104767718141298	1.0838807647939714	0.4313708126329827	0.8136704913058526	0.8651888235018114	2.696448016665418	1.1003555979701902	2.5997158194250547	0.89631477501823	1.331100182226502	0.6745241743338878	0.39560903528211006	1.4428635145305775	1.540586719785063	0.5347881974652274	1.2184472705276763	1.4824466205054494	1.8937323905351162	2.7547042352013644	0.18864334277927322	0.6988911419899813	1.3036263501636338	2.8929628575873894	3.0072175158327292	2.6939308367107784	5.140040117394253	1.2419793322580264	2.141020790462353	1.3363575942545944	1.0606280440737959	2.1046401286110354	1.0515091215544852	2.1681028799452364	1.6838456960900834	0.3609324918475532	1.2385155712209595	0.836974003881958	2.5782114493427186	2.432199664708264	0.7521412731837649	2.776259955844767	0.9833972334554628
S252	2.037039581691921	0.7016274520893087	2.1207837210907297	1.3054870416783633	2.59502916637014	5.43397551703983	2.805910430948104	1.2422705502249936	1.4544192182269418	2.3059031265387535	1.7228482175364894	2.2602724561434426	1.83545218060718	1.5029454301526655	0.0	2.34739120932862	0.5265204363037342	1.9006912985116984	2.0136748104269055	1.985250774185703	1.5375361795798006	0.951975617642182	0.3846193171564749	2.367373859314647	0.9443193045636321	0.9101277402090131	0.8857650675939199	2.396453414225418	1.9773222402024733	2.3365771202374126	1.6970733583377822	1.1617999253826023	1.9153509112484433	3.6918511990500584	2.359335302123753	1.9020848450992915	2.2703810016366135	2.4587069532423973	1.793419406273653	1.3612807852328486	0.5859881381851408	2.6617055729246832	1.504609893056727	2.5362084047097935	0.8346090822653954	2.693339375006099	1.2979130542577022	1.5497346051600422	1.5455743046037547	2.6464989057501938	3.1252032775397116	2.3182161884193584	1.426330850551491	4.955380695160757	0.389601762564896	2.120410365983968	0.17117665530466036	0.4754812725612754	2.389561519246566	2.29392316647566	1.5197418697826657	0.2399381260318349	1.20082936898334	2.5708134922300374	1.980110545358267	2.099194640305683	3.0567186660091217	1.881972101037093	3.7856702685658505	1.7808740835761458
S323	1.488238644211894	2.8465463919862892	0.7599917648802933	1.2734213428668655	0.256075632147796	3.470673609777337	1.3621814737295552	1.1685256957611914	0.9222294138846955	1.1704382387687786	2.018173642639675	0.6205096456195298	1.395440304443736	2.0658260416540277	2.34739120932862	0.0	1.8961837643059607	2.9965544460664133	1.935302998602506	1.5142405198048245	2.253291989477468	1.5356359563433952	2.007963371288292	0.4324684397918915	1.4908503769080932	1.6409349818813108	1.5927087277540135	0.9867755817796007	0.6786221180338302	1.5643793967392685	1.741470386006868	1.4842357997691595	1.3315501620877292	1.75022798899077	1.5764160778746037	1.467020686697429	1.808503556196128	1.3438015716737635	1.4746757594393536	1.7096636317461285	1.7882450409542825	1.3772399946937368	1.5367815760870571	1.7372066749365738	1.5565969406394864	0.8342897946410153	2.8636315885478387	2.028169920007115	1.3791950651490419	1.8254358429636564	0.8428390312200278	1.650703965951764	2.375275039002514	3.1169546529503047	2.2153610369843166	0.4490493140456258	2.2891880822487667	2.0272990807585782	0.04324010342740351	1.5861970602115552	1.3156314544977752	2.5396430655552935	1.8751924618748508	1.770202080852323	1.4255259595557377	1.1604030391337194	0.813827860884297	1.477748593121072	1.8275066230479537	1.1593859487444655
S324	1.5410383052991663	1.1995953713102119	1.6146068763641988	0.7915104886199849	2.136764997274988	5.132394261960725	2.295756165182733	0.8788107381412287	1.0435116718895372	1.798978755572019	1.3312708742487327	1.8993029344251338	1.6352373116954366	1.1418682502256943	0.5265204363037342	1.8961837643059607	0.0	2.1503737368010434	1.5864438586376535	1.5065123856426568	1.2237030903650616	0.4338892083298833	0.28472094140738585	1.8743566979512474	0.44502372140332597	0.38910737730860595	0.6680792119365417	1.8822653244865648	1.4742242919842334	1.8499231263566467	1.2401024356698291	0.6415335027964827	1.4160835538689094	3.199609684668064	1.8744419505655563	1.728827269395145	1.807439463710756	1.958928949575802	1.3117125040851094	0.9075916183949794	0.34620561044186426	2.153051527591355	1.025179078310271	2.068046236097631	0.5711340472441668	2.1878015788532417	1.6288459575295624	1.1572176872798436	1.044445027577375	2.167630904557973	2.700141549087807	2.156615411451325	1.5780023291648793	4.679318134283833	0.3345920741960715	1.7192705654376075	0.41851213893394235	0.1910149965634551	1.9389537963599317	1.7993258222305633	1.3025834322970193	0.718983971931942	0.7931411957933842	2.096325502542259	1.4939697675799435	1.8448925054443752	2.5740284186434206	1.3874502346647688	3.2863685116138535	1.2605920613537864
S275	3.5263181499671794	1.4744066608865836	3.2491926605815618	2.6866228705705035	3.2316646200874026	4.94259501070902	4.0567709846463815	2.020954301123718	2.240417613489143	3.6129423490837693	3.4655372879741915	2.5162903938618166	1.6632329710173328	3.283669517657775	1.9006912985116984	2.9965544460664133	2.1503737368010434	0.0	3.689980752176038	3.505448088899414	3.36469015468789	2.4268455143472423	1.8773696636495134	3.267750684872551	2.3725704450663003	2.4500895291946825	1.7112389438943316	3.5866621360220283	3.0552318234463227	3.812702965072203	3.336663985308154	2.647233847183539	3.359564080335018	4.709787331992551	3.83625511547733	1.6207545027190853	3.8549999966494677	3.8114976779538923	3.3192216626009663	3.016674525593909	1.854437116381691	3.967087507491976	3.0758844079271923	4.038094922263009	1.9053899674619823	3.7077644594974632	0.6736412850646681	3.304089592233059	3.031530069458897	4.152969952463994	3.4308840816722292	1.746510471439967	0.6523866502419391	4.375355953887536	2.1529946215115556	2.5688137045591404	2.0559485320574207	2.24491675507206	3.0232428020786197	3.7756401122620735	1.6829662987974878	1.8217665446306965	2.9342491933351225	4.077316571203482	3.4625991545586197	1.9925093342171856	3.8068626461512536	3.3889188911370076	4.801038278194599	3.124025246899184
S256	0.5064884800879789	2.7046615074081934	1.1906005202457635	1.0677089888031088	2.036335430172614	5.3462460120782875	1.2420046781030967	1.8476144203052838	1.7599446576955393	0.9053967555997774	0.33314683759960034	2.3773337845104487	2.6808179407349506	0.5690917834403402	2.0136748104269055	1.935302998602506	1.5864438586376535	3.689980752176038	0.0	0.42541859949463845	0.6657922394602577	1.2685852600090082	1.8704371936131257	1.592722775278846	1.321951715091494	1.2577659554801761	2.0072017488662874	1.1420685443299032	1.268407877510324	0.588617319630863	0.3809565400948138	1.0727817911574034	0.6099631774628486	2.2229411572930755	0.5986915008798415	2.7848195079381335	0.34518566539548046	0.879751964129451	0.4864076322139785	0.6815770187968551	1.8397833929537724	1.0681028336800191	0.6297024079699914	0.6815486165757325	1.8166318544784337	1.5455670894096916	3.2106871515908058	0.5344967301396493	0.7287036887403981	0.7454297539856595	2.7035656111401565	3.160116398549758	3.0697065058989814	5.027432353062997	1.7411618789938628	2.1256838271116294	1.8519066896433598	1.5474912913744436	1.9674819312710432	0.5781078289663726	2.3793986608051414	2.2051820274375804	0.8154570529736862	0.6871541732487825	0.5137131232685989	2.6878287825769336	2.1152348450137457	0.498745490699191	2.292295766977858	0.8643787634214789
S360	0.19983392835801408	2.669213358994922	0.7664596792735544	0.8243903785412647	1.6109538485577302	4.923899574365875	0.9405929452224705	1.5644378777867922	1.4358072499524501	0.5152454288636235	0.6115659120723361	1.979356397613155	2.356374476704964	0.7797795606117383	1.985250774185703	1.5142405198048245	1.5065123856426568	3.505448088899414	0.42541859949463845	0.0	0.9404831249748671	1.1156967180812098	1.7773491515468696	1.168548365634309	1.1506753954297393	1.141017743232515	1.7962226073911909	0.743877606505181	0.8549703216653944	0.3553629373488384	0.412823060426099	0.9118873964480148	0.20981695561555733	1.9276255980066974	0.3756784307905796	2.4587935526660045	0.37353410727297964	0.5538138903545521	0.19513793064917365	0.654813751808649	1.6948453080150563	0.770898359073131	0.4852805552005581	0.5661564452897692	1.6174311764337934	1.1472917325206584	3.0848081424300258	0.7357060509753202	0.48611450260072636	0.6723928792476167	2.278576193464993	2.813252160529259	2.8663561004640448	4.605087455905366	1.7276234156220582	1.7282889335401554	1.8381329274321168	1.5127275770726643	1.5454639686334959	0.3744072496309747	2.0757879053131063	2.1912300913938245	0.8571788531082448	0.5913622106602892	0.0888250636911043	2.327195319323424	1.7088212309379176	0.20776822482266244	2.0029440170156056	0.5133948903228948
S262	1.018182251429988	2.207042217835281	1.5948248479056069	1.0775545313992176	2.412226521872969	5.695195987941212	1.8635098026466586	1.7875974559288377	1.791915238638898	1.4501536412632912	0.3437925467937142	2.5623856027823617	2.65173170625511	0.18870571049502852	1.5375361795798006	2.253291989477468	1.2237030903650616	3.36469015468789	0.6657922394602577	0.9404831249748671	0.0	1.0773627086677293	1.4957538486265654	1.9969042434994653	1.144110881999107	1.0188891597948293	1.8009574928096161	1.6614385632643511	1.5965556433007209	1.221351673513289	0.5888888348942513	0.9638873044755158	1.0392100941808875	2.848576085435052	1.2364621306219379	2.752378929053218	1.0051052643753875	1.4844034540470783	0.8512341214715917	0.5679348902330925	1.543008598963399	1.6878552446302095	0.719338977152208	1.3373810633790844	1.608943810557489	2.0688481964562357	2.81258577685058	0.2855352833812974	0.8822007924134544	1.409672651455127	3.080243268634681	3.164470349372465	2.7912017061460377	5.326773419300894	1.276980119851932	2.3226516621130173	1.3688659793489046	1.1223579945405335	2.2921501426271518	1.1839330313671976	2.3178642207493563	1.7028464866868127	0.48865954842264964	1.3519028585442485	1.0043810296131201	2.7446470209611675	2.61315813211766	0.9160791739732043	2.9260332286786555	1.160647420795791
S281	1.1432809308034044	1.6132691649625044	1.1848934793973946	0.35773724405218915	1.7631977869943256	4.883110821144488	1.8652082258816856	0.7276155405754454	0.7921005070063332	1.3694496261182627	1.073998088834384	1.646056493824352	1.583216766183592	0.9415859657289292	0.951975617642182	1.5356359563433952	0.4338892083298833	2.4268455143472423	1.2685852600090082	1.1156967180812098	1.0773627086677293	0.0	0.6742332991231476	1.464607138806228	0.10730774826354482	0.12691142663565672	0.754255172071176	1.4485067257825992	1.052983454148733	1.4484776041877532	0.9104980739496987	0.24421169896961095	1.002549555701454	2.7699192782764	1.473393234976985	1.6879678190787886	1.4414028327696238	1.5356862473290067	0.9215279760637181	0.6026543810908404	0.5859945648856755	1.7260858654363063	0.6551566646563581	1.6765889226861503	0.6097304500969483	1.7589583298652096	1.9740401946076627	0.9339518626041601	0.6369385128582741	1.7763558527608496	2.3627678504043867	2.105097132779477	1.8089214116427714	4.458562252138755	0.7301486074150271	1.4321194497374785	0.8364864572569003	0.5276134312549392	1.578618238301614	1.4024257334781163	1.2529687854723393	1.1526976080561873	0.5891338568309279	1.704566437286642	1.0915957528821973	1.7150416336878522	2.166518329121819	0.9934455719328931	2.8544126920171013	0.8336686604731006
S377	1.8065495924567851	0.9712207370334326	1.8183949220450872	1.0230250929734668	2.25759442320719	5.126926438321158	2.5336911859049756	0.8926488651636154	1.1047047683847975	2.0403955137491883	1.6153054245385445	1.923700480179845	1.5290887261934354	1.4224669218379349	0.3846193171564749	2.007963371288292	0.28472094140738585	1.8773696636495134	1.8704371936131257	1.7773491515468696	1.4957538486265654	0.6742332991231476	0.0	2.0391712575581886	0.6638720830628345	0.6470627505928712	0.561433754931319	2.1041469808123585	1.6616280046586414	2.1167549689032157	1.5208828197223845	0.8926771380213766	1.6752445473812823	3.411833434477437	2.141590752136933	1.6147752764282577	2.085454221353357	2.2095838784829827	1.5822127553756637	1.19052740756201	0.24134452009011098	2.397756344346304	1.3001160786282382	2.3390314277875452	0.5580599050788464	2.384214798920559	1.3460490897975963	1.437488724027534	1.3062279778683006	2.4388692261288427	2.7778281633144926	2.0377483690899	1.325244196144333	4.65319325035245	0.36061086580524976	1.7722610444746516	0.37355449581995437	0.39250106037651783	2.049665374301122	2.064828488513813	1.2136512014825664	0.5373650736307642	1.076850028554794	2.3678478902006357	1.7597343863366617	1.7839711360254389	2.73112271393845	1.654622260156718	3.4990366943420863	1.4970905309303728
S293	1.1257661943070278	2.940151002976585	0.40821450709633156	1.1409021813298177	0.4562334003791657	3.7881712168030055	0.9374005953037514	1.309203796014184	1.060593086290095	0.762761700707588	1.724703326539098	1.0386837089068404	1.73086370129275	1.8118306267267283	2.367373859314647	0.4324684397918915	1.8743566979512474	3.267750684872551	1.592722775278846	1.168548365634309	1.9969042434994653	1.464607138806228	2.0391712575581886	0.0	1.4422433591274482	1.5557623437689037	1.7221039925291972	0.5598791824805527	0.4279510244161745	1.163990800870572	1.445097055805862	1.350457529120053	0.9979236661840027	1.4827536731913922	1.1751021596546323	1.8193439091930104	1.423243695606444	0.9277216550737576	1.1674300299936027	1.4873724466861618	1.8454351029700156	0.9468419897758253	1.292861220850726	1.335031456599756	1.6476803292450555	0.4489209964902687	3.057713096895764	1.760383372637055	1.138607441579226	1.4056975375350012	1.1127643475080284	2.046114470650995	2.628917455397902	3.471462314165436	2.1823825006317286	0.8223582623278781	2.2803169636169147	1.98416525539439	0.4455548117205446	1.1863311358587818	1.5958455477163311	2.5682182322930376	1.6800009807227219	1.3584701778719566	1.081117836274787	1.546864657826005	0.7073280075869817	1.1459999547677846	1.5543590655254522	0.875872417724601
S373	1.1884253649713	1.5868710615683288	1.1769862154574706	0.37303131997364447	1.722511953523344	4.812647514480944	1.8811240376842475	0.6571731438594193	0.7282638423653729	1.3848049923088088	1.1342998984469677	1.5796247776482302	1.5144677443738173	1.004321007300437	0.9443193045636321	1.4908503769080932	0.44502372140332597	2.3725704450663003	1.321951715091494	1.1506753954297393	1.144110881999107	0.10730774826354482	0.6638720830628345	1.4422433591274482	0.0	0.2261273053984246	0.6897449935444048	1.4569184164402584	1.03815879495667	1.4821894223976537	0.9739516433470637	0.32397772334944136	1.033670250075185	2.759130965905312	1.5059401492529112	1.613275110403974	1.4884702370447809	1.5545541574119104	0.9583097377425055	0.6669047201987452	0.5452948139844178	1.747350086957282	0.7038146709904427	1.704341223170946	0.5210312458560368	1.750355729131483	1.9343879490155187	1.0099797135083333	0.6768373699103098	1.8150281839663878	2.3159623948530665	2.0312453254338756	1.7481783466638363	4.3856465930266095	0.7643179258650684	1.374744077259787	0.8411849444878425	0.5439136745510007	1.5340204634276717	1.4473807364804983	1.1768055480880528	1.1534331050818556	0.6576107191573739	1.7385186352262507	1.1216079630331244	1.6414606878103286	2.1391941309501235	1.0406466586185892	2.8479240988927192	0.8654413710581703
S245	1.1606289731940467	1.588020699550219	1.2653228651795372	0.43512860404582665	1.866067386830076	4.996811573128041	1.9169543541996172	0.8231489398531253	0.8982530357685587	1.4233890590731455	1.0437143662230504	1.755866319851092	1.666713055970433	0.8973172069426139	0.9101277402090131	1.6409349818813108	0.38910737730860595	2.4500895291946825	1.2577659554801761	1.141017743232515	1.0188891597948293	0.12691142663565672	0.6470627505928712	1.5557623437689037	0.2261273053984246	0.0	0.8112145566986468	1.5113405494525103	1.140508257025406	1.4759177733754543	0.8936605101716404	0.2534703032247993	1.0389619545313826	2.8467650937982314	1.5017300541795566	1.77514332887763	1.447152770027891	1.583167958787364	0.9466098407042068	0.5810134332394172	0.603384715458675	1.7718793048689137	0.6665319160793567	1.7063904585026402	0.6879788689693525	1.8374289287948111	1.973364584963263	0.8800929165896872	0.6686287108457859	1.7952605795377223	2.4663902710747045	2.1938060650016133	1.8449373420089845	4.570809864924897	0.6473840967937201	1.5388492874125834	0.7825460345019545	0.4709892935304394	1.6836695846058265	1.4183080704418862	1.3412943443766296	1.0997041199468984	0.5386330300528156	1.7283228707661766	1.1250134711794135	1.813930862171585	2.260059899191115	1.0088952864758995	2.927533941087997	0.8774592943193075
S357	1.8168612635135608	1.276477699099025	1.6005235926594192	0.9764575857249975	1.8486772075732987	4.5741567064201725	2.389890443832374	0.4261101980742783	0.6763155583597604	1.9230032531689656	1.8222760377494367	1.4031074560411065	0.9823826969118772	1.6786567530675032	0.8857650675939199	1.5927087277540135	0.6680792119365417	1.7112389438943316	2.0072017488662874	1.7962226073911909	1.8009574928096161	0.754255172071176	0.561433754931319	1.7221039925291972	0.6897449935444048	0.8112145566986468	0.0	1.9275385040219124	1.4159742288009671	2.1022264859269306	1.654360508638094	0.9636753697414292	1.6485697325814785	3.1588297132865097	2.126053356301847	1.067100096862648	2.148321324423952	2.116284502653318	1.6118201089923794	1.3540479084789117	0.34111461680812677	2.283628193238814	1.3813706746499188	2.3312303603781714	0.2921169373918413	2.1234980318938406	1.359125786798593	1.6838686887915106	1.323956735519254	2.4420741729297455	2.3026868268608376	1.4944608446503163	1.0735302855463893	4.094695860232381	0.9040386760982423	1.2880965824465598	0.907216887926185	0.8303791599987593	1.6314750432626053	2.066923700976172	0.6537873809388626	1.0279277085177985	1.3228640458161811	2.367171981894952	1.75234079689292	1.2242065957486397	2.373041964676292	1.6805016933135262	3.248305002626121	1.421847439531164
S285	0.6763720369554775	3.039552730910373	0.34938005888305024	1.09168002001599	0.9965164706057097	4.28325570467065	0.47142227254442465	1.567023307073804	1.3506207556528163	0.2468992571503769	1.3465408277804887	1.570735320077031	2.1654883579511632	1.4902253018448999	2.396453414225418	0.9867755817796007	1.8822653244865648	3.5866621360220283	1.1420685443299032	0.743877606505181	1.6614385632643511	1.4485067257825992	2.1041469808123585	0.5598791824805527	1.4569184164402584	1.5113405494525103	1.9275385040219124	0.0	0.5363351971731172	0.6345774504279122	1.0858042243264014	1.2657833820501454	0.6259253476415146	1.368096489351778	0.6444843374800517	2.266152081570706	0.9097858998157774	0.389143156327056	0.818228208314203	1.2449464782432644	1.955167748015197	0.41437667296211855	1.0393769553311696	0.8092592174423499	1.810074668193188	0.4222830723528381	3.2843782246444544	1.4236489292609404	0.9183652857290766	0.8505670171005068	1.6218931591943635	2.5406292292900066	2.9382531635023637	3.9961103219004293	2.1571466624941324	1.3318341850972515	2.276843721478062	1.9538889893816431	1.003508994484422	0.6595481582311135	1.9735710677767664	2.601181267434787	1.4598354438138805	0.8140234939605006	0.6703326410259014	2.0376286428730253	0.9966043985069465	0.756329157017771	1.42978511555796	0.6523053324521998
S336	0.8266513247300151	2.58180018697352	0.19788007238122096	0.7175392418352011	0.8229475800029113	4.141771323008233	1.004666580524972	1.0386249964047416	0.8165578304006514	0.6190191436853157	1.3485464728872627	1.14658632124253	1.6502004222116733	1.4104767718141298	1.9773222402024733	0.6786221180338302	1.4742242919842334	3.0552318234463227	1.268407877510324	0.8549703216653944	1.5965556433007209	1.052983454148733	1.6616280046586414	0.4279510244161745	1.03815879495667	1.140508257025406	1.4159742288009671	0.5363351971731172	0.0	0.964008850642495	1.065309036799451	0.9283548969083074	0.6610422240220483	1.7741510050105942	0.9821751775140355	1.7506305035892233	1.1705806500983504	0.8252838098491583	0.8029758697721017	1.0687844483395639	1.4851124786452194	0.9359628907977149	0.881562110241796	1.1812359001138308	1.3140254265125317	0.7238085261545983	2.7735777675757727	1.3623116559683297	0.723426677286139	1.2706344022107103	1.486136624304269	2.0523407791583903	2.4064219098655837	3.7942979676097357	1.7772490230477125	0.8911092145531485	1.8792296619610973	1.5737860128484447	0.7134352671248815	0.9670386413365605	1.4405739731121876	2.1812776525593778	1.256034603769556	1.2087088548289944	0.7679195711329484	1.5513057659453153	1.123919439706769	0.8015542024154115	1.852304756214513	0.48985926063742175
S330	0.3398086978970644	3.020617717430538	0.8148729754535223	1.1346575463942672	1.6066155411073522	4.886555259791193	0.6535730271523945	1.8319620658122173	1.672358244004305	0.4024141646669276	0.8785726345997997	2.1001776955824814	2.5745306039364575	1.0838807647939714	2.3365771202374126	1.5643793967392685	1.8499231263566467	3.812702965072203	0.588617319630863	0.3553629373488384	1.221351673513289	1.4484776041877532	2.1167549689032157	1.163990800870572	1.4821894223976537	1.4759177733754543	2.1022264859269306	0.6345774504279122	0.964008850642495	0.0	0.7176165468430815	1.2362154104058403	0.4550373576526239	1.6554263225942563	0.03278287292361558	2.6776441271063103	0.29191564734297	0.30589073288797874	0.543568258292454	1.00079757592997	2.025476970781201	0.48088227861930677	0.8332313017327765	0.28353781672647527	1.93571729927957	1.008340801437171	3.4136428466341675	1.0255535793879287	0.8117506637115185	0.34261667802213797	2.2476334986110715	3.00488362127874	3.168635904072772	4.603157248365457	2.0708289326061884	1.8518963542799998	2.189784391623894	1.8636141414555887	1.5880849398722183	0.18918202451927668	2.320904200751261	2.540416742942961	1.2017820960430472	0.27261754931673177	0.3653988460843903	2.5069229401427884	1.583522098959375	0.47840178534136807	1.717950067846912	0.724468844621412
S363	0.44670273266155414	2.395274766089186	1.042283618316426	0.7262182746693723	1.8794721546394904	5.200433262614258	1.3192540519474776	1.5085170528425602	1.4401634440082878	0.8875502997763961	0.32051244261982337	2.1243012725952526	2.350706766967388	0.4313708126329827	1.6970733583377822	1.741470386006868	1.2401024356698291	3.336663985308154	0.3809565400948138	0.412823060426099	0.5888888348942513	0.9104980739496987	1.5208828197223845	1.445097055805862	0.9739516433470637	0.8936605101716404	1.654360508638094	1.0858042243264014	1.065309036799451	0.7176165468430815	0.0	0.7022554816930175	0.47156818119135907	2.33309296560329	0.7408393134634705	2.460970925619541	0.5856618102544197	0.9487338492239263	0.3111781296423904	0.3417895249400336	1.4873016597372688	1.1443748412753256	0.29693061333327386	0.9156529976726598	1.484878607061697	1.50030342670782	2.8615457164617246	0.338603377584879	0.40931281964158384	0.976618773203888	2.5459461388892937	2.845975000757057	2.7185142312611634	4.850850265948508	1.4073829155350965	1.8684911687078916	1.538019730306933	1.2236396291424345	1.7775696921999038	0.6560945623337318	2.048725518736729	1.8857439686066901	0.5144047524393579	0.9194428420119574	0.46345561468518803	2.3876156303615503	2.053291885891287	0.33121163237649637	2.4025860436552864	0.6074104394229697
S202	0.9185516082833886	1.8384147663291062	1.0374417295594596	0.23441303700826932	1.6939307770263503	4.899316697640504	1.6664089303652476	0.8609299955378554	0.8630881824860784	1.1755606994100498	0.9087310264223432	1.680603648797648	1.714952252054268	0.8136704913058526	1.1617999253826023	1.4842357997691595	0.6415335027964827	2.647233847183539	1.0727817911574034	0.9118873964480148	0.9638873044755158	0.24421169896961095	0.8926771380213766	1.350457529120053	0.32397772334944136	0.2534703032247993	0.9636753697414292	1.2657833820501454	0.9283548969083074	1.2362154104058403	0.7022554816930175	0.0	0.795220212706187	2.6098018287701543	1.2628843960956748	1.828587409100786	1.2261307443946627	1.3364374355548618	0.7202535687965609	0.43694565552830333	0.8186793393126225	1.5207949746881146	0.4606445763244082	1.4761776880606843	0.8358868965779382	1.6051814680017475	2.1994076527848154	0.7710592170354589	0.43134393470404486	1.5585223426603845	2.316104703757099	2.2333422655463377	2.0272150360529224	4.492949588069246	0.8920285901550618	1.4429901392341664	1.0314628548492748	0.7121234409108076	1.5262174118939829	1.1755324656541877	1.4033692100439894	1.3528601342806597	0.4933526516903599	1.4941789781143604	0.8901879038597514	1.8160152826649314	2.0520193402110314	0.7699303841459836	2.686870771641616	0.6257309925804992
S229	0.21314220641553538	2.5932748483407715	0.5923166232752927	0.6801309246214681	1.4411138013068088	4.766815314054913	0.9190888836628741	1.3913465618829055	1.2504860029558411	0.4391810238502051	0.7381362572869935	1.7883680315912036	2.166884054753415	0.8651888235018114	1.9153509112484433	1.3315501620877292	1.4160835538689094	3.359564080335018	0.6099631774628486	0.20981695561555733	1.0392100941808875	1.002549555701454	1.6752445473812823	0.9979236661840027	1.033670250075185	1.0389619545313826	1.6485697325814785	0.6259253476415146	0.6610422240220483	0.4550373576526239	0.47156818119135907	0.795220212706187	0.0	1.906789359215509	0.48045941917081414	2.2727750331215737	0.5498656398268876	0.5550593428352202	0.19599371024319664	0.6407683379224955	1.574797620729961	0.7589912667455856	0.44125313641261604	0.7044609489381664	1.4881891695675538	1.0325459726319328	2.9609551294918095	0.8062355008239076	0.37209904926990806	0.7935236579327114	2.1087815197098094	2.6223021234151433	2.7171153430064763	4.437467398512155	1.6572035164058405	1.532583347023085	1.7758528312069295	1.4473381269624	1.3639419192380755	0.43972254441902403	1.897036065791455	2.1204411478305167	0.8563111028480926	0.7227511561229487	0.140191492435585	2.1353439305816075	1.5832116665729628	0.1720825863098015	1.9802614193237345	0.31078140420913236
S228	1.909593866421753	4.300780211848152	1.6057199512207774	2.4151200523392284	1.551870018047718	3.8978464261108874	1.0594979173487113	2.7619507315751046	2.5188668058492145	1.4755460581599007	2.5087040459142753	2.3200151657851746	3.1435184793324877	2.696448016665418	3.6918511990500584	1.75022798899077	3.199609684668064	4.709787331992551	2.2229411572930755	1.9276255980066974	2.848576085435052	2.7699192782764	3.411833434477437	1.4827536731913922	2.759130965905312	2.8467650937982314	3.1588297132865097	1.368096489351778	1.7741510050105942	1.6554263225942563	2.33309296560329	2.6098018287701543	1.906789359215509	0.0	1.6377628105215516	3.2061150497231408	1.9137106889184066	1.3874083858608928	2.068066737982776	2.5370405350923813	3.2384058364529897	1.2301003227193699	2.333414882057276	1.5705538554501033	3.0301977364365285	1.0760356800190698	4.503773090584522	2.6601447077691627	2.2388661262087384	1.5841835814535394	1.7802225028516234	3.3531548732338328	4.0715405349324305	3.793434271678801	3.4919675480867394	2.19847061306765	3.580672859772326	3.261773457938794	1.7322935607139738	1.7569773778326303	3.0326605220814504	3.9105655539866984	2.7465819625649264	1.5853041653553295	1.8809107507195584	2.8852179758168286	1.0131698736307087	2.029163829740251	0.16568440092357334	2.012970049545709
S277	0.3706882956647283	3.0425547828532538	0.8298923859554838	1.159490436378502	1.615100313142463	4.887995800474949	0.6453724233469086	1.8550115055283598	1.694399264127051	0.41286369304899756	0.893079687611181	2.1151144258782426	2.595879798871736	1.1003555979701902	2.359335302123753	1.5764160778746037	1.8744419505655563	3.83625511547733	0.5986915008798415	0.3756784307905796	1.2364621306219379	1.473393234976985	2.141590752136933	1.1751021596546323	1.5059401492529112	1.5017300541795566	2.126053356301847	0.6444843374800517	0.9821751775140355	0.03278287292361558	0.7408393134634705	1.2628843960956748	0.48045941917081414	1.6377628105215516	0.0	2.697876182996049	0.2977037717400975	0.30152371861589733	0.5659755482258879	1.0237340643075667	2.049746681516691	0.47543822574361183	0.8567772858838668	0.25165523036507065	1.9571684290473275	1.0102197414998055	3.437938066871123	1.045799016367821	0.8370274122338817	0.3229365960417062	2.2545377442839962	3.023878224351346	3.1917513123269043	4.607480923354584	2.095991413941648	1.8684883803209396	2.21260933679888	1.886650617827683	1.599684164204894	0.21737457620385847	2.342165503544682	2.564148046140533	1.2234656726656583	0.2458830527154459	0.38658040497556423	2.5252511737171783	1.5831404791023607	0.5069685072369777	1.7013192293104566	0.752496316194778
S376	2.458244864211204	2.051995142483578	1.9375733718880692	1.7375940348927257	1.673915067817732	3.648144913138361	2.7201819622581436	0.9695970645174	1.0294408837675209	2.367514235565075	2.688371694570153	0.914635416537604	0.1593868014658548	2.5997158194250547	1.9020848450992915	1.467020686697429	1.728827269395145	1.6207545027190853	2.7848195079381335	2.4587935526660045	2.752378929053218	1.6879678190787886	1.6147752764282577	1.8193439091930104	1.613275110403974	1.77514332887763	1.067100096862648	2.266152081570706	1.7506305035892233	2.6776441271063103	2.460970925619541	1.828587409100786	2.2727750331215737	3.2061150497231408	2.697876182996049	0.0	2.822102221246764	2.57205674784332	2.3149716294343725	2.229620364147791	1.4076971429996241	2.6782560003714364	2.177754457473921	2.8953957894250557	1.233440397511343	2.265750390187272	1.7051496915113853	2.5916356363492135	2.0630679123677127	3.0053567277168303	1.8106043218634675	0.428646987907509	1.095568934867443	3.1299040700988763	1.9625614821823252	1.0225811117161308	1.9562604810278597	1.8920297932756855	1.48453819919696	2.663149070825538	0.4381243432151266	2.002739701861021	2.266567854350365	2.93500784647522	2.3876906200842756	0.372074536619481	2.247708178097415	2.3623809323837097	3.2899016735763547	2.018072212956466
S265	0.3863395784477773	2.963535305137522	1.0490383892765256	1.173981976330831	1.8714832985893053	5.167332749838772	0.924464685016593	1.9268032153604153	1.7979475807599319	0.6756479133593836	0.6682699505962378	2.313109301790101	2.7159431472291504	0.89631477501823	2.2703810016366135	1.808503556196128	1.807439463710756	3.8549999966494677	0.34518566539548046	0.37353410727297964	1.0051052643753875	1.4414028327696238	2.085454221353357	1.423243695606444	1.4884702370447809	1.447152770027891	2.148321324423952	0.9097858998157774	1.1705806500983504	0.29191564734297	0.5856618102544197	1.2261307443946627	0.5498656398268876	1.9137106889184066	0.2977037717400975	2.822102221246764	0.0	0.5974543174228173	0.5411798572909985	0.9101274716274423	2.025935539162029	0.7532879861726153	0.7907322422831939	0.388263030138635	1.9730969961827165	1.297209270676989	3.41359037423597	0.8356408347754767	0.8247545012209547	0.4084487964595356	2.5214142828218176	3.1713807439739594	3.220929142901412	4.8746013706529245	1.9915410783665435	2.0597486240939915	2.113807057857471	1.7963551013683003	1.8354087858326797	0.29704500190429867	2.441724462983319	2.465976062748027	1.085285258317373	0.36120536817916754	0.4417903468229614	2.6822508597654275	1.8739323116360973	0.48481359192954804	1.9729743158667201	0.8306492752015463
S361	0.5259035947943438	3.1260041300152066	0.6421975281358888	1.191532319899464	1.352777487220313	4.599667719797827	0.39345949396597363	1.7988132205176521	1.6079280306081225	0.2102579061611772	1.1456147534440704	1.9157002443676694	2.4740611478428467	1.331100182226502	2.4587069532423973	1.3438015716737635	1.958928949575802	3.8114976779538923	0.879751964129451	0.5538138903545521	1.4844034540470783	1.5356862473290067	2.2095838784829827	0.9277216550737576	1.5545541574119104	1.583167958787364	2.116284502653318	0.389143156327056	0.8252838098491583	0.30589073288797874	0.9487338492239263	1.3364374355548618	0.5550593428352202	1.3874083858608928	0.30152371861589733	2.57205674784332	0.5974543174228173	0.0	0.7071955363625522	1.1831010346453545	2.088430649342955	0.2401808931257765	0.9895649867428815	0.42205871092339153	1.9616822466536818	0.7140299018093967	3.459549019146731	1.2772933736278063	0.9224678958078931	0.48565380366605376	1.9757877463765339	2.8700063683646295	3.1614740765727642	4.329615515243166	2.210194576501397	1.6783987206121767	2.3233317209093314	1.9950549091954455	1.3622211953540453	0.41018256426883964	2.24766094779176	2.6681262933360137	1.3944829946879824	0.4326038490982745	0.5144220606787558	2.365932698213006	1.2836796463517157	0.6512004766791327	1.4540142154512326	0.7513692553881098
S215	0.2912513001051946	2.4774824032201206	0.7595681949782097	0.6411200169112186	1.6001839881541455	4.915232510352051	1.0877467534712064	1.3990264312716192	1.288475341140917	0.6200052784309206	0.5575717110884757	1.8933727438774688	2.2114130373181324	0.6745241743338878	1.793419406273653	1.4746757594393536	1.3117125040851094	3.3192216626009663	0.4864076322139785	0.19513793064917365	0.8512341214715917	0.9215279760637181	1.5822127553756637	1.1674300299936027	0.9583097377425055	0.9466098407042068	1.6118201089923794	0.818228208314203	0.8029758697721017	0.543568258292454	0.3111781296423904	0.7202535687965609	0.19599371024319664	2.068066737982776	0.5659755482258879	2.3149716294343725	0.5411798572909985	0.7071955363625522	0.0	0.4781359156001729	1.5015957846961236	0.9225424211633549	0.2940701381014192	0.759853656008306	1.4333709738769287	1.2192785003054716	2.891628276032468	0.6324305186368471	0.29805442473409627	0.8640481180323306	2.2714609200175926	2.6818142284329602	2.682914433417555	4.5767241376496886	1.5370364115382937	1.6415392885910611	1.6476220528834151	1.3211707445535472	1.5093956226191823	0.5326926131353775	1.9205651410024376	1.9993791468430102	0.6876036037692065	0.7861818833831891	0.19554825506142878	2.2048778582390516	1.7632731873366407	0.17328880808605318	2.146252614175614	0.41418755334512636
S368	0.7107385134328984	2.05728090273589	1.1041022574382	0.5145069209256946	1.8848935785816536	5.158692129212005	1.5564560347803862	1.262876034937504	1.2395981620729015	1.0787123786755979	0.47560218114141795	2.0020569240739654	2.124137725551397	0.39560903528211006	1.3612807852328486	1.7096636317461285	0.9075916183949794	3.016674525593909	0.6815770187968551	0.654813751808649	0.5679348902330925	0.6026543810908404	1.19052740756201	1.4873724466861618	0.6669047201987452	0.5810134332394172	1.3540479084789117	1.2449464782432644	1.0687844483395639	1.00079757592997	0.3417895249400336	0.43694565552830333	0.6407683379224955	2.5370405350923813	1.0237340643075667	2.229620364147791	0.9101274716274423	1.1831010346453545	0.4781359156001729	0.0	1.1628889467843653	1.3907012837518906	0.20837625799280002	1.2014270501931856	1.175086572721727	1.6342492318414032	2.5310809631516547	0.37247924935317983	0.3502245340989693	1.2917183083762618	2.543780628465	2.631711482352409	2.405087697510406	4.780255276692908	1.0887551084053513	1.7588466820574957	1.205102272811806	0.8868693333061949	1.749698370724216	0.955207342348168	1.8030411389347745	1.5567946112030546	0.21678521483429497	1.222593190712209	0.6734064192036471	2.19702459176997	2.1464101282132666	0.5605356003604544	2.6166958952895465	0.6567430482349007
S352	1.7249956189174507	1.1130261484646402	1.6514186691191264	0.9003059028212556	2.0400861539961563	4.8893149621242	2.3983344349899283	0.6599494472387762	0.8781883477429014	1.9098214316564055	1.6141723044910545	1.6872128290835255	1.322241764867551	1.4428635145305775	0.5859881381851408	1.7882450409542825	0.34620561044186426	1.854437116381691	1.8397833929537724	1.6948453080150563	1.543008598963399	0.5859945648856755	0.24134452009011098	1.8454351029700156	0.5452948139844178	0.603384715458675	0.34111461680812677	1.955167748015197	1.4851124786452194	2.025476970781201	1.4873016597372688	0.8186793393126225	1.574797620729961	3.2384058364529897	2.049746681516691	1.4076971429996241	2.025935539162029	2.088430649342955	1.5015957846961236	1.1628889467843653	0.0	2.272464352654362	1.2369239643376397	2.249612481445874	0.3315080230159104	2.2084916930424785	1.390173009992055	1.4568920300479926	1.217402892715158	2.357664094395719	2.5497941131198156	1.834662830719826	1.2558592099112578	4.418677829529228	0.5713440499192853	1.541473551233885	0.577868835844045	0.5003223381174583	1.829565586957176	1.98314898211134	0.993189181479101	0.7547904183462552	1.0869081829036304	2.2831159365658236	1.6663578896456965	1.557873024125139	2.527372229448681	1.5771398578069418	3.3279873146679178	1.3801354113866724
S251	0.7037085672657389	3.3288370095961164	0.7461519571778799	1.3776281053010826	1.3483550215900002	4.541426676701892	0.17843211122111893	1.947185076120039	1.7431591273625782	0.37014279470859174	1.3484186084630778	1.9753601670150085	2.577415803673078	1.540586719785063	2.6617055729246832	1.3772399946937368	2.153051527591355	3.967087507491976	1.0681028336800191	0.770898359073131	1.6878552446302095	1.7260858654363063	2.397756344346304	0.9468419897758253	1.747350086957282	1.7718793048689137	2.283628193238814	0.41437667296211855	0.9359628907977149	0.48088227861930677	1.1443748412753256	1.5207949746881146	0.7589912667455856	1.2301003227193699	0.47543822574361183	2.6782560003714364	0.7532879861726153	0.2401808931257765	0.9225424211633549	1.3907012837518906	2.272464352654362	0.0	1.198338476961732	0.549197122993818	2.1474878136086986	0.6425661424515824	3.633009821270872	1.4713039685467577	1.1219009045380668	0.5251937896099697	1.9288212886766576	2.954322999156829	3.3180570400569116	4.2916648589099715	2.402558728201938	1.7424250375231747	2.527477855019569	2.1991386583611683	1.3893633614602587	0.5365301182285412	2.376216336839425	2.8663146853771067	1.6042853578571818	0.5233673473725824	0.7347253830311845	2.4508937525245753	1.1959874710942855	0.8406560467041655	1.2766413497076678	0.9100101559411798
S317	0.5426071976257909	2.1934680239907296	0.902543361004418	0.4446326247703523	1.700044459041312	4.991696156769405	1.360225962839898	1.2256481669725707	1.1618722938776893	0.8755725220583843	0.528682244407853	1.87130749013624	2.072315357531757	0.5347881974652274	1.504609893056727	1.5367815760870571	1.025179078310271	3.0758844079271923	0.6297024079699914	0.4852805552005581	0.719338977152208	0.6551566646563581	1.3001160786282382	1.292861220850726	0.7038146709904427	0.6665319160793567	1.3813706746499188	1.0393769553311696	0.881562110241796	0.8332313017327765	0.29693061333327386	0.4606445763244082	0.44125313641261604	2.333414882057276	0.8567772858838668	2.177754457473921	0.7907322422831939	0.9895649867428815	0.2940701381014192	0.20837625799280002	1.2369239643376397	1.198338476961732	0.0	1.0476433668783687	1.2035845850305358	1.4270567806905483	2.6237472557850148	0.4996173257216567	0.16493600472969047	1.1450368126727486	2.3643937205204106	2.5662741650658436	2.449335838408179	4.625203047357259	1.2432576349964257	1.6230943597083796	1.3569085271599235	1.0307248218693092	1.5756219689948239	0.7973648099042399	1.763128611225227	1.7073949241384736	0.42126643633780875	1.0719886783311092	0.487163462051262	2.111887128443707	1.9425772076880887	0.38928446101683206	2.413370939380779	0.47177808001607435
S362	0.6080917267110068	3.2149336865871763	1.0163796992064573	1.3707197092956513	1.7540383460221425	4.967383194043105	0.6835083251814545	2.063785187729937	1.9020153797941821	0.5942228470367451	0.99812448288833	2.288629175443497	2.8002711790770647	1.2184472705276763	2.5362084047097935	1.7372066749365738	2.068046236097631	4.038094922263009	0.6815486165757325	0.5661564452897692	1.3373810633790844	1.6765889226861503	2.3390314277875452	1.335031456599756	1.704341223170946	1.7063904585026402	2.3312303603781714	0.8092592174423499	1.1812359001138308	0.28353781672647527	0.9156529976726598	1.4761776880606843	0.7044609489381664	1.5705538554501033	0.25165523036507065	2.8953957894250557	0.388263030138635	0.42205871092339153	0.759853656008306	1.2014270501931856	2.249612481445874	0.549197122993818	1.0476433668783687	0.0	2.145762721931729	1.113926818974265	3.6370344631858944	1.187970021697	1.046923412075232	0.24276514033476007	2.3786122799649627	3.2160832665655916	3.392724865140791	4.707860651976294	2.2861782287394323	2.052868590111522	2.3881989065752873	2.065985064689502	1.757762779621345	0.44278904037227235	2.5431613962725335	2.7454894084998585	1.3872956246943655	0.12208048065036663	0.5896325100103929	2.7150132465093373	1.6613295836558095	0.7316762926231595	1.6392934469597205	0.9909740450373516
S342	1.6655641753265118	1.3014010258947388	1.4837834114651658	0.8290154483454267	1.8076826466139402	4.6230556644977705	2.259388251746324	0.47164179485227603	0.6735115818840853	1.7792184396260107	1.6272910003414882	1.440883334628216	1.1642368282058093	1.4824466205054494	0.8346090822653954	1.5565969406394864	0.5711340472441668	1.9053899674619823	1.8166318544784337	1.6174311764337934	1.608943810557489	0.6097304500969483	0.5580599050788464	1.6476803292450555	0.5210312458560368	0.6879788689693525	0.2921169373918413	1.810074668193188	1.3140254265125317	1.93571729927957	1.484878607061697	0.8358868965779382	1.4881891695675538	3.0301977364365285	1.9571684290473275	1.233440397511343	1.9730969961827165	1.9616822466536818	1.4333709738769287	1.175086572721727	0.3315080230159104	2.1474878136086986	1.2035845850305358	2.145762721931729	0.0	2.023811460065986	1.5248297598249332	1.512563392970021	1.1614839158967167	2.2760186975643526	2.311795704124349	1.6595667337311215	1.2714713214997562	4.160910089528396	0.8610359097747813	1.3112503530811617	0.8272284892940069	0.6965904298689751	1.5974532410352151	1.9192183930163664	0.8063187261453708	1.0283239587643471	1.1399846717134234	2.1919843214938983	1.5772262060195152	1.3449105585335295	2.3039289399627667	1.5256080209531686	3.128797920791538	1.3013403360428908
S212	1.0966882535553775	3.30121868647832	0.5753114958661016	1.4079094449882765	0.7391474629026934	3.9088468972567973	0.5661047769435507	1.7245886502436734	1.4824255031408797	0.6408548626978441	1.754871623378471	1.4547924850948226	2.1791731810895336	1.8937323905351162	2.693339375006099	0.8342897946410153	2.1878015788532417	3.7077644594974632	1.5455670894096916	1.1472917325206584	2.0688481964562357	1.7589583298652096	2.384214798920559	0.4489209964902687	1.750355729131483	1.8374289287948111	2.1234980318938406	0.4222830723528381	0.7238085261545983	1.008340801437171	1.50030342670782	1.6051814680017475	1.0325459726319328	1.0760356800190698	1.0102197414998055	2.265750390187272	1.297209270676989	0.7140299018093967	1.2192785003054716	1.6342492318414032	2.2084916930424785	0.6425661424515824	1.4270567806905483	1.113926818974265	2.023811460065986	0.0	3.47403780085056	1.8371633793366442	1.2955911926834345	1.1562846105738487	1.2893062652985148	2.4797594189956302	3.065211052972667	3.650240631676465	2.4826067101954545	1.2594964328905327	2.588833296494805	2.2751354609453656	0.8332549024697709	1.0567574129610506	2.0405574103277924	2.9000648827616406	1.844686060718401	1.1274116293141216	1.0720318290555093	1.98416904814967	0.5821318046664672	1.1736847023952726	1.1397840307269986	1.0254056985669513
S289	3.1115830912743077	0.8331023263517744	2.959492722243024	2.281862973275247	3.1151036791588593	5.270717878058962	3.7452519589219113	1.7503068431539388	1.9972060240204559	3.2716526073049708	2.955257482057659	2.4941245673355428	1.7018303255391987	2.7547042352013644	1.2979130542577022	2.8636315885478387	1.6288459575295624	0.6736412850646681	3.2106871515908058	3.0848081424300258	2.81258577685058	1.9740401946076627	1.3460490897975963	3.057713096895764	1.9343879490155187	1.973364584963263	1.359125786798593	3.2843782246444544	2.7735777675757727	3.4136428466341675	2.8615457164617246	2.1994076527848154	2.9609551294918095	4.503773090584522	3.437938066871123	1.7051496915113853	3.41359037423597	3.459549019146731	2.891628276032468	2.5310809631516547	1.390173009992055	3.633009821270872	2.6237472557850148	3.6370344631858944	1.5248297598249332	3.47403780085056	0.0	2.779848660353536	2.6068629028129524	3.7470026818611846	3.4385094505972913	1.9716264679271478	0.6350951426405804	4.723694349897192	1.5669525367649917	2.4775919230480747	1.4600040124769238	1.6948830787554752	2.8971566514395772	3.368165488588182	1.5897847426951843	1.1831229963150467	2.4177144485632596	3.672598658925828	3.0550822369962707	2.056878681823301	3.6722281661106084	2.964779484312817	4.595578076944423	2.747219808502553
S247	0.7785144538972231	2.2434736214936075	1.3614097939927998	0.8773838180740814	2.1837986147659327	5.489002744111138	1.647903225079593	1.622493574575522	1.6037982665963235	1.225379807879006	0.24843476996643737	2.357978588667938	2.4824274461480416	0.18864334277927322	1.5497346051600422	2.028169920007115	1.1572176872798436	3.304089592233059	0.5344967301396493	0.7357060509753202	0.2855352833812974	0.9339518626041601	1.437488724027534	1.760383372637055	1.0099797135083333	0.8800929165896872	1.6838686887915106	1.4236489292609404	1.3623116559683297	1.0255535793879287	0.338603377584879	0.7710592170354589	0.8062355008239076	2.6601447077691627	1.045799016367821	2.5916356363492135	0.8356408347754767	1.2772933736278063	0.6324305186368471	0.37247924935317983	1.4568920300479926	1.4713039685467577	0.4996173257216567	1.187970021697	1.512563392970021	1.8371633793366442	2.779848660353536	0.0	0.6506909103047984	1.2421362484892784	2.84798774100309	2.9952611529490594	2.7122137585297033	5.123344441944194	1.2529973949535265	2.1082119816340024	1.381480486391956	1.098298954610237	2.0663246887136215	0.9623549690084857	2.163675609287344	1.7207361583443879	0.38523632454580703	1.1907912985597728	0.7931249596206883	2.5627558367538987	2.385157893570201	0.6687248648659925	2.7304176616788767	0.9033650311197736
S326	0.5132282115411341	2.2257661161811013	0.7563626771327595	0.3510898434611446	1.543984265772177	4.840219737991844	1.2755835002154516	1.125232254468809	1.0376187877718446	0.7815680928872574	0.6790788956646572	1.7226466809401297	1.9551497230210475	0.6988911419899813	1.5455743046037547	1.3791950651490419	1.044445027577375	3.031530069458897	0.7287036887403981	0.48611450260072636	0.8822007924134544	0.6369385128582741	1.3062279778683006	1.138607441579226	0.6768373699103098	0.6686287108457859	1.323956735519254	0.9183652857290766	0.723426677286139	0.8117506637115185	0.40931281964158384	0.43134393470404486	0.37209904926990806	2.2388661262087384	0.8370274122338817	2.0630679123677127	0.8247545012209547	0.9224678958078931	0.29805442473409627	0.3502245340989693	1.217402892715158	1.1219009045380668	0.16493600472969047	1.046923412075232	1.1614839158967167	1.2955911926834345	2.6068629028129524	0.6506909103047984	0.0	1.1404529709994455	2.2056706753758206	2.442623166867859	2.3971001937656764	4.473865550712135	1.2879427660416463	1.470257686998387	1.406920725382827	1.0784588620525257	1.4179383935783312	0.7727331858321439	1.6582007541094304	1.7490664860051706	0.5538839290133561	1.0694999810754338	0.45934581964678245	1.9801752183556753	1.8002234415469558	0.36595673790577726	2.3171946944904676	0.32212061450872814
S250	0.6449852676023772	3.3358304612128125	1.1041583755504607	1.4712818457858925	1.8320837189688788	5.048689325145537	0.6582662722989212	2.171374489085358	2.007325277923764	0.6634677165967194	1.0744905299891316	2.3907990789847453	2.9015252969607306	1.3036263501636338	2.6464989057501938	1.8254358429636564	2.167630904557973	4.152969952463994	0.7454297539856595	0.6723928792476167	1.409672651455127	1.7763558527608496	2.4388692261288427	1.4056975375350012	1.8150281839663878	1.7952605795377223	2.4420741729297455	0.8505670171005068	1.2706344022107103	0.34261667802213797	0.976618773203888	1.5585223426603845	0.7935236579327114	1.5841835814535394	0.3229365960417062	3.0053567277168303	0.4084487964595356	0.48565380366605376	0.8640481180323306	1.2917183083762618	2.357664094395719	0.5251937896099697	1.1450368126727486	0.24276514033476007	2.2760186975643526	1.1562846105738487	3.7470026818611846	1.2421362484892784	1.1404529709994455	0.0	2.439948305219201	3.3220289625220394	3.5097840102449154	4.796105733682504	2.370535930745446	2.146512495575916	2.4945133904085552	2.171764391912878	1.8441716265543349	0.4083079598579776	2.656543585765522	2.8459164832342845	1.4794197072297954	0.12397656271060047	0.7001441090252954	2.8212452184272236	1.710553494822871	0.7892591562662716	1.629424606272102	1.051301970185301
S274	2.2365648577874957	3.557757061375372	1.5169536019816434	2.112088127379607	0.6737656153202256	2.6991478527570587	1.8443240959465752	1.8953584922580937	1.6738673294386115	1.8474238078626701	2.8261294613439674	0.9529633937556088	1.7772416483658273	2.8929628575873894	3.1252032775397116	0.8428390312200278	2.700141549087807	3.4308840816722292	2.7035656111401565	2.278576193464993	3.080243268634681	2.3627678504043867	2.7778281633144926	1.1127643475080284	2.3159623948530665	2.4663902710747045	2.3026868268608376	1.6218931591943635	1.486136624304269	2.2476334986110715	2.5459461388892937	2.316104703757099	2.1087815197098094	1.7802225028516234	2.2545377442839962	1.8106043218634675	2.5214142828218176	1.9757877463765339	2.2714609200175926	2.543780628465	2.5497941131198156	1.9288212886766576	2.3643937205204106	2.3786122799649627	2.311795704124349	1.2893062652985148	3.4385094505972913	2.84798774100309	2.2056706753758206	2.439948305219201	0.0	1.7921243566109977	2.87520826152798	2.394089523780748	3.0138510244727277	1.01472524669685	3.0846286110995895	2.842723365438402	0.8008493598100378	2.2762891396553333	1.8539962900476823	3.303645097184596	2.7148390807290315	2.403523613866988	2.190879707259138	1.439882960775803	0.8317250499121311	2.2558569272664384	1.8267600705344993	1.9573196859492652
S197	2.8059700189648398	2.41508569888073	2.2287905515208704	2.1299710184938463	1.8156648981190164	3.323968254120068	2.975626985179546	1.3801627810552524	1.4058835846270743	2.6686716231196046	3.084158883161695	1.039753887563285	0.5353671570528271	3.0072175158327292	2.3182161884193584	1.650703965951764	2.156615411451325	1.746510471439967	3.160116398549758	2.813252160529259	3.164470349372465	2.105097132779477	2.0377483690899	2.046114470650995	2.0312453254338756	2.1938060650016133	1.4944608446503163	2.5406292292900066	2.0523407791583903	3.00488362127874	2.845975000757057	2.2333422655463377	2.6223021234151433	3.3531548732338328	3.023878224351346	0.428646987907509	3.1713807439739594	2.8700063683646295	2.6818142284329602	2.631711482352409	1.834662830719826	2.954322999156829	2.5662741650658436	3.2160832665655916	1.6595667337311215	2.4797594189956302	1.9716264679271478	2.9952611529490594	2.442623166867859	3.3220289625220394	1.7921243566109977	0.0	1.3431066420263895	2.785415273652724	2.38575865478209	1.2237684525750738	2.3788638895911967	2.3205676146131946	1.6578987596306167	2.994579432201544	0.8631460158594711	2.40781490285513	2.680042804685205	3.2550625548039784	2.737465437695382	0.5056171584274148	2.3659285159665506	2.721961707269013	3.4315817524645897	2.367558938294239
S279	2.8886757527619036	1.212761179497999	2.599451502265231	2.0494942088877512	2.6170344482039267	4.636118776230969	3.4076110284082435	1.3721143479551872	1.5932396807762839	2.963109764683396	2.8623180128285526	1.9362311869441742	1.1158674675893525	2.6939308367107784	1.426330850551491	2.375275039002514	1.5780023291648793	0.6523866502419391	3.0697065058989814	2.8663561004640448	2.7912017061460377	1.8089214116427714	1.325244196144333	2.628917455397902	1.7481783466638363	1.8449373420089845	1.0735302855463893	2.9382531635023637	2.4064219098655837	3.168635904072772	2.7185142312611634	2.0272150360529224	2.7171153430064763	4.0715405349324305	3.1917513123269043	1.095568934867443	3.220929142901412	3.1614740765727642	2.682914433417555	2.405087697510406	1.2558592099112578	3.3180570400569116	2.449335838408179	3.392724865140791	1.2714713214997562	3.065211052972667	0.6350951426405804	2.7122137585297033	2.3971001937656764	3.5097840102449154	2.87520826152798	1.3431066420263895	0.0	4.090839454754025	1.6448427571396436	1.961159948189804	1.5613467772889733	1.6917384113115108	2.404432812267065	3.136324936861296	1.0612410536959207	1.4106699108782192	2.3406760699324445	3.433075752065613	2.8206198336516324	1.458338493437545	3.1880700353904294	2.7537577655260024	4.16376942069237	2.4828692379506707
S386	4.5904207156717804	5.131417511168368	3.8546046793520197	4.300349151926157	3.0152964044495723	0.5844609582421345	4.192650345647706	3.8071271666123265	3.6761016657389356	4.206927988982283	5.111560224223829	2.817642662098396	3.2037222475320077	5.140040117394253	4.955380695160757	3.1169546529503047	4.679318134283833	4.375355953887536	5.027432353062997	4.605087455905366	5.326773419300894	4.458562252138755	4.65319325035245	3.471462314165436	4.3856465930266095	4.570809864924897	4.094695860232381	3.9961103219004293	3.7942979676097357	4.603157248365457	4.850850265948508	4.492949588069246	4.437467398512155	3.793434271678801	4.607480923354584	3.1299040700988763	4.8746013706529245	4.329615515243166	4.5767241376496886	4.780255276692908	4.418677829529228	4.2916648589099715	4.625203047357259	4.707860651976294	4.160910089528396	3.650240631676465	4.723694349897192	5.123344441944194	4.473865550712135	4.796105733682504	2.394089523780748	2.785415273652724	4.090839454754025	0.0	4.974484317607697	3.0553556915684807	4.979377149376356	4.830166407303535	3.083271025595568	4.649607275064207	3.4576918452220515	5.094774397582774	4.914140405788793	4.749355196487558	4.516800261318367	2.8843091941405614	3.120044934242858	4.590624187407176	3.8330264614714737	4.274738849106401
S268	1.7545509248940014	1.055656934653018	1.9104714771850384	1.0797840074335163	2.455309171963333	5.437248330730644	2.553703559464764	1.1764913406897919	1.3553337106818173	2.0611091277560516	1.4543963796998332	2.207166566214846	1.8688743245386366	1.2419793322580264	0.389601762564896	2.2153610369843166	0.3345920741960715	2.1529946215115556	1.7411618789938628	1.7276234156220582	1.276980119851932	0.7301486074150271	0.36061086580524976	2.1823825006317286	0.7643179258650684	0.6473840967937201	0.9040386760982423	2.1571466624941324	1.7772490230477125	2.0708289326061884	1.4073829155350965	0.8920285901550618	1.6572035164058405	3.4919675480867394	2.095991413941648	1.9625614821823252	1.9915410783665435	2.210194576501397	1.5370364115382937	1.0887551084053513	0.5713440499192853	2.402558728201938	1.2432576349964257	2.2861782287394323	0.8610359097747813	2.4826067101954545	1.5669525367649917	1.2529973949535265	1.2879427660416463	2.370535930745446	3.0138510244727277	2.38575865478209	1.6448427571396436	4.974484317607697	0.0	2.029656714407281	0.26439829314426094	0.2994532054734467	2.257886340326465	2.0058463201235073	1.5549094018961997	0.5022643011072514	0.9315367285576707	2.3064518931860034	1.7275286632759397	2.113952566411485	2.8865773361220333	1.6016095210044499	3.5741832225024743	1.5160654265947717
S261	1.7062008609727677	2.549124313386476	1.043175742339659	1.261044143657105	0.667225299482849	3.469260614088374	1.7541603365794096	0.8832782073789048	0.6764219852618545	1.4838416849396265	2.1421156048634886	0.2731824415861453	0.94781867232129	2.141020790462353	2.120410365983968	0.4490493140456258	1.7192705654376075	2.5688137045591404	2.1256838271116294	1.7282889335401554	2.3226516621130173	1.4321194497374785	1.7722610444746516	0.8223582623278781	1.374744077259787	1.5388492874125834	1.2880965824465598	1.3318341850972515	0.8911092145531485	1.8518963542799998	1.8684911687078916	1.4429901392341664	1.532583347023085	2.19847061306765	1.8684883803209396	1.0225811117161308	2.0597486240939915	1.6783987206121767	1.6415392885910611	1.7588466820574957	1.541473551233885	1.7424250375231747	1.6230943597083796	2.052868590111522	1.3112503530811617	1.2594964328905327	2.4775919230480747	2.1082119816340024	1.470257686998387	2.146512495575916	1.01472524669685	1.2237684525750738	1.961159948189804	3.0553556915684807	2.029656714407281	0.0	2.0901135966087634	1.8719278228201537	0.467201237553931	1.8533514145464807	0.901925366138268	2.29300448059616	1.8870189708072813	2.0863412504354013	1.6433510839862442	0.726234596686809	1.2435135472175236	1.6588067115152259	2.2752729662518423	1.3040588684084722
S340	1.8896151310228524	0.8658743018299645	2.0139962967604688	1.1883298246818068	2.53238692876193	5.44751862487254	2.6758483842332406	1.2222097567504207	1.4162529628222154	2.176292791638846	1.5576104168956917	2.24700038562653	1.8811965603690135	1.3363575942545944	0.17117665530466036	2.2891880822487667	0.41851213893394235	2.0559485320574207	1.8519066896433598	1.8381329274321168	1.3688659793489046	0.8364864572569003	0.37355449581995437	2.2803169636169147	0.8411849444878425	0.7825460345019545	0.907216887926185	2.276843721478062	1.8792296619610973	2.189784391623894	1.538019730306933	1.0314628548492748	1.7758528312069295	3.580672859772326	2.21260933679888	1.9562604810278597	2.113807057857471	2.3233317209093314	1.6476220528834151	1.205102272811806	0.577868835844045	2.527477855019569	1.3569085271599235	2.3881989065752873	0.8272284892940069	2.588833296494805	1.4600040124769238	1.381480486391956	1.406920725382827	2.4945133904085552	3.0846286110995895	2.3788638895911967	1.5613467772889733	4.979377149376356	0.26439829314426094	2.0901135966087634	0.0	0.3285639236630077	2.3318851852926286	2.144620382953289	1.5555837919970124	0.3637696528673717	1.0381445921000043	2.420504528544951	1.837018250331621	2.127550898987271	2.9748365560699477	1.7345669325680018	3.672598227689465	1.6528405215753696
S286	1.5634924177851879	1.173282438440681	1.6998327236589306	0.8707255584948617	2.2629828653642834	5.278956913143663	2.3481990486000393	1.0441834907251335	1.1993224977371035	1.848864550577343	1.2685753339945116	2.052642247202359	1.80525782349839	1.0606280440737959	0.4754812725612754	2.0272990807585782	0.1910149965634551	2.24491675507206	1.5474912913744436	1.5127275770726643	1.1223579945405335	0.5276134312549392	0.39250106037651783	1.98416525539439	0.5439136745510007	0.4709892935304394	0.8303791599987593	1.9538889893816431	1.5737860128484447	1.8636141414555887	1.2236396291424345	0.7121234409108076	1.4473381269624	3.261773457938794	1.886650617827683	1.8920297932756855	1.7963551013683003	1.9950549091954455	1.3211707445535472	0.8868693333061949	0.5003223381174583	2.1991386583611683	1.0307248218693092	2.065985064689502	0.6965904298689751	2.2751354609453656	1.6948830787554752	1.098298954610237	1.0784588620525257	2.171764391912878	2.842723365438402	2.3205676146131946	1.6917384113115108	4.830166407303535	0.2994532054734467	1.8719278228201537	0.3285639236630077	0.0	2.0704081856264915	1.819625002083999	1.4654696960320384	0.6806672748154623	0.7361560428244661	2.0976089406207343	1.5098315249811622	2.0093114885517864	2.680967589731125	1.4083559819462097	3.351908665447396	1.329124305389807
S213	1.518104552653824	2.886289345809655	0.7879579254554449	1.3155634021422624	0.21899381306457832	3.433839752417965	1.3689114530715392	1.2074344315063579	0.9619481036352878	1.1921251730184201	2.054583568198697	0.6242800854177027	1.4147476127355336	2.1046401286110354	2.389561519246566	0.04324010342740351	1.9389537963599317	3.0232428020786197	1.9674819312710432	1.5454639686334959	2.2921501426271518	1.578618238301614	2.049665374301122	0.4455548117205446	1.5340204634276717	1.6836695846058265	1.6314750432626053	1.003508994484422	0.7134352671248815	1.5880849398722183	1.7775696921999038	1.5262174118939829	1.3639419192380755	1.7322935607139738	1.599684164204894	1.48453819919696	1.8354087858326797	1.3622211953540453	1.5093956226191823	1.749698370724216	1.829565586957176	1.3893633614602587	1.5756219689948239	1.757762779621345	1.5974532410352151	0.8332549024697709	2.8971566514395772	2.0663246887136215	1.4179383935783312	1.8441716265543349	0.8008493598100378	1.6578987596306167	2.404432812267065	3.083271025595568	2.257886340326465	0.467201237553931	2.3318851852926286	2.0704081856264915	0.0	1.6108373316350635	1.3439139336987926	2.581348292832909	1.9163642828868945	1.7902213697847726	1.456694919843309	1.1715560959915667	0.7848583500637689	1.5106786488514683	1.8084091993829816	1.1946759458310046
S264	0.2601421177099297	2.9850800749954107	0.8355489534275936	1.0974857800858382	1.63884847405151	4.941886942331059	0.7141558384384469	1.8042033629387693	1.65148219909974	0.45505082406353564	0.8510322691336406	2.111244535178008	2.551609414212507	1.0515091215544852	2.29392316647566	1.5861970602115552	1.7993258222305633	3.7756401122620735	0.5781078289663726	0.3744072496309747	1.1839330313671976	1.4024257334781163	2.064828488513813	1.1863311358587818	1.4473807364804983	1.4183080704418862	2.066923700976172	0.6595481582311135	0.9670386413365605	0.18918202451927668	0.6560945623337318	1.1755324656541877	0.43972254441902403	1.7569773778326303	0.21737457620385847	2.663149070825538	0.29704500190429867	0.41018256426883964	0.5326926131353775	0.955207342348168	1.98314898211134	0.5365301182285412	0.7973648099042399	0.44278904037227235	1.9192183930163664	1.0567574129610506	3.368165488588182	0.9623549690084857	0.7727331858321439	0.4083079598579776	2.2762891396553333	2.994579432201544	3.136324936861296	4.649607275064207	2.0058463201235073	1.8533514145464807	2.144620382953289	1.819625002083999	1.6108373316350635	0.0	2.3030006307401494	2.487858473894494	1.1570103539941146	0.38966796621867694	0.38971664775244863	2.501569502081798	1.6388094158768698	0.41363798781306055	1.8064497207374708	0.6655786208352682
S322	2.083044890647473	1.7727120607918294	1.6338959328326925	1.3225536533657205	1.5559525338033577	3.950968627002122	2.439634717212498	0.5442143544691805	0.6518099743076806	2.0429487764989345	2.2653547167477814	0.9066753195427996	0.36290690323518626	2.1681028799452364	1.5197418697826657	1.3156314544977752	1.3025834322970193	1.6829662987974878	2.3793986608051414	2.0757879053131063	2.3178642207493563	1.2529687854723393	1.2136512014825664	1.5958455477163311	1.1768055480880528	1.3412943443766296	0.6537873809388626	1.9735710677767664	1.4405739731121876	2.320904200751261	2.048725518736729	1.4033692100439894	1.897036065791455	3.0326605220814504	2.342165503544682	0.4381243432151266	2.441724462983319	2.24766094779176	1.9205651410024376	1.8030411389347745	0.993189181479101	2.376216336839425	1.763128611225227	2.5431613962725335	0.8063187261453708	2.0405574103277924	1.5897847426951843	2.163675609287344	1.6582007541094304	2.656543585765522	1.8539962900476823	0.8631460158594711	1.0612410536959207	3.4576918452220515	1.5549094018961997	0.901925366138268	1.5555837919970124	1.4654696960320384	1.3439139336987926	2.3030006307401494	0.0	1.6449311835091844	1.831871881904243	2.5831351374394407	2.0102032769744644	0.5824369445110574	2.1280625699129208	1.9757495648777663	3.1206178244391043	1.6471281041604904
S374	2.232999056850428	0.5664456093900051	2.328442895636994	1.5100187576123776	2.7896833005314545	5.584569406586195	3.0119968140495375	1.4097699494069655	1.6327786069940016	2.5141964107329446	1.9077046696535107	2.4264250044249787	1.9364585722374563	1.6838456960900834	0.2399381260318349	2.5396430655552935	0.718983971931942	1.8217665446306965	2.2051820274375804	2.1912300913938245	1.7028464866868127	1.1526976080561873	0.5373650736307642	2.5682182322930376	1.1534331050818556	1.0997041199468984	1.0279277085177985	2.601181267434787	2.1812776525593778	2.540416742942961	1.8857439686066901	1.3528601342806597	2.1204411478305167	3.9105655539866984	2.564148046140533	2.002739701861021	2.465976062748027	2.6681262933360137	1.9993791468430102	1.5567946112030546	0.7547904183462552	2.8663146853771067	1.7073949241384736	2.7454894084998585	1.0283239587643471	2.9000648827616406	1.1831229963150467	1.7207361583443879	1.7490664860051706	2.8459164832342845	3.303645097184596	2.40781490285513	1.4106699108782192	5.094774397582774	0.5022643011072514	2.29300448059616	0.3637696528673717	0.6806672748154623	2.581348292832909	2.487858473894494	1.6449311835091844	0.0	1.390401718974491	2.7748834815011856	2.1881035701554916	2.2269809880850566	3.2605214100618203	2.078483023408148	4.000825416640169	1.9766933247598728
S204	0.9197671427562628	1.8964784144179996	1.305454500424836	0.6283985828311274	2.0626203443554143	5.305552663796258	1.7709194995033564	1.3013305906523052	1.3187189154112917	1.293877081190894	0.5385955725425018	2.1207746396211578	2.1645164413165525	0.3609324918475532	1.20082936898334	1.8751924618748508	0.7931411957933842	2.9342491933351225	0.8154570529736862	0.8571788531082448	0.48865954842264964	0.5891338568309279	1.076850028554794	1.6800009807227219	0.6576107191573739	0.5386330300528156	1.3228640458161811	1.4598354438138805	1.256034603769556	1.2017820960430472	0.5144047524393579	0.4933526516903599	0.8563111028480926	2.7465819625649264	1.2234656726656583	2.266567854350365	1.085285258317373	1.3944829946879824	0.6876036037692065	0.21678521483429497	1.0869081829036304	1.6042853578571818	0.42126643633780875	1.3872956246943655	1.1399846717134234	1.844686060718401	2.4177144485632596	0.38523632454580703	0.5538839290133561	1.4794197072297954	2.7148390807290315	2.680042804685205	2.3406760699324445	4.914140405788793	0.9315367285576707	1.8870189708072813	1.0381445921000043	0.7361560428244661	1.9163642828868945	1.1570103539941146	1.831871881904243	1.390401718974491	0.0	1.4103379790508546	0.8817969836961361	2.268260618874499	2.347308018186205	0.7725565257744904	2.8287344388020244	0.8614687990650894
S329	0.5955688450427465	3.255834781296363	1.0437211068794727	1.3989617391746778	1.784385085033779	5.007545799331703	0.6636874596358401	2.098937106369301	1.9367519654431564	0.6081493417634699	1.0127994383366896	2.3276442602955525	2.8349401197155726	1.2385155712209595	2.5708134922300374	1.770202080852323	2.096325502542259	4.077316571203482	0.6871541732487825	0.5913622106602892	1.3519028585442485	1.704566437286642	2.3678478902006357	1.3584701778719566	1.7385186352262507	1.7283228707661766	2.367171981894952	0.8140234939605006	1.2087088548289944	0.27261754931673177	0.9194428420119574	1.4941789781143604	0.7227511561229487	1.5853041653553295	0.2458830527154459	2.93500784647522	0.36120536817916754	0.4326038490982745	0.7861818833831891	1.222593190712209	2.2831159365658236	0.5233673473725824	1.0719886783311092	0.12208048065036663	2.1919843214938983	1.1274116293141216	3.672598658925828	1.1907912985597728	1.0694999810754338	0.12397656271060047	2.403523613866988	3.2550625548039784	3.433075752065613	4.749355196487558	2.3064518931860034	2.0863412504354013	2.420504528544951	2.0976089406207343	1.7902213697847726	0.38966796621867694	2.5831351374394407	2.7748834815011856	1.4103379790508546	0.0	0.6182299125276849	2.75416092072077	1.6828654911151728	0.7318749604828306	1.6424976098640751	0.9969757167313205
S205	0.20363929777204104	2.659653961209231	0.6782636796003754	0.7834262957169601	1.5227219490140516	4.836695164328194	0.8998492484097734	1.5052905645376582	1.367700835234665	0.4490326481116072	0.6834813473181784	1.8940805900177968	2.2858227921434073	0.836974003881958	1.980110545358267	1.4255259595557377	1.4939697675799435	3.4625991545586197	0.5137131232685989	0.0888250636911043	1.0043810296131201	1.0915957528821973	1.7597343863366617	1.081117836274787	1.1216079630331244	1.1250134711794135	1.75234079689292	0.6703326410259014	0.7679195711329484	0.3653988460843903	0.46345561468518803	0.8901879038597514	0.140191492435585	1.8809107507195584	0.38658040497556423	2.3876906200842756	0.4417903468229614	0.5144220606787558	0.19554825506142878	0.6734064192036471	1.6663578896456965	0.7347253830311845	0.487163462051262	0.5896325100103929	1.5772262060195152	1.0720318290555093	3.0550822369962707	0.7931249596206883	0.45934581964678245	0.7001441090252954	2.190879707259138	2.737465437695382	2.8206198336516324	4.516800261318367	1.7275286632759397	1.6433510839862442	1.837018250331621	1.5098315249811622	1.456694919843309	0.38971664775244863	2.0102032769744644	2.1881035701554916	0.8817969836961361	0.6182299125276849	0.0	2.2490458891890546	1.6294944023631088	0.20905460623236127	1.9577002987587862	0.4506685972607048
S234	2.319862476574992	2.3354897035081916	1.7251448227517803	1.6867594140893352	1.3446441521245742	3.3790969076184996	2.473308070025677	0.9938294132968407	0.9591453560214752	2.1657237237031537	2.635062910581745	0.5678934615383465	0.3779336946516216	2.5782114493427186	2.099194640305683	1.1604030391337194	1.8448925054443752	1.9925093342171856	2.6878287825769336	2.327195319323424	2.7446470209611675	1.7150416336878522	1.7839711360254389	1.546864657826005	1.6414606878103286	1.813930862171585	1.2242065957486397	2.0376286428730253	1.5513057659453153	2.5069229401427884	2.3876156303615503	1.8160152826649314	2.1353439305816075	2.8852179758168286	2.5252511737171783	0.372074536619481	2.6822508597654275	2.365932698213006	2.2048778582390516	2.19702459176997	1.557873024125139	2.4508937525245753	2.111887128443707	2.7150132465093373	1.3449105585335295	1.98416904814967	2.056878681823301	2.5627558367538987	1.9801752183556753	2.8212452184272236	1.439882960775803	0.5056171584274148	1.458338493437545	2.8843091941405614	2.113952566411485	0.726234596686809	2.127550898987271	2.0093114885517864	1.1715560959915667	2.501569502081798	0.5824369445110574	2.2269809880850566	2.268260618874499	2.75416092072077	2.2490458891890546	0.0	1.9104486139912589	2.2428261398322777	2.9660323705202716	1.8876225529592756
S299	1.6691688019130368	3.6049997442777086	1.0441918402585648	1.8394828820197255	0.5769117970241545	3.348606822556897	1.0783932462591599	1.9506799224313143	1.6992380203455384	1.2154031965670793	2.309958640424456	1.344127978883694	2.1853543837690235	2.432199664708264	3.0567186660091217	0.813827860884297	2.5740284186434206	3.8068626461512536	2.1152348450137457	1.7088212309379176	2.61315813211766	2.166518329121819	2.73112271393845	0.7073280075869817	2.1391941309501235	2.260059899191115	2.373041964676292	0.9966043985069465	1.123919439706769	1.583522098959375	2.053291885891287	2.0520193402110314	1.5832116665729628	1.0131698736307087	1.5831404791023607	2.247708178097415	1.8739323116360973	1.2836796463517157	1.7632731873366407	2.1464101282132666	2.527372229448681	1.1959874710942855	1.9425772076880887	1.6613295836558095	2.3039289399627667	0.5821318046664672	3.6722281661106084	2.385157893570201	1.8002234415469558	1.710553494822871	0.8317250499121311	2.3659285159665506	3.1880700353904294	3.120044934242858	2.8865773361220333	1.2435135472175236	2.9748365560699477	2.680967589731125	0.7848583500637689	1.6388094158768698	2.1280625699129208	3.2605214100618203	2.347308018186205	1.6828654911151728	1.6294944023631088	1.9104486139912589	0.0	1.7328453152922767	1.0717109746331654	1.5339813604630188
S364	0.155185863096873	2.571754763507679	0.7457199488725592	0.7053643728763073	1.5922914621731528	4.92380601242923	1.0110079262526055	1.4542006684325417	1.3339343085192163	0.5659336686356881	0.6157156614643815	1.9191266603186186	2.25115305387416	0.7521412731837649	1.881972101037093	1.477748593121072	1.3874502346647688	3.3889188911370076	0.498745490699191	0.20776822482266244	0.9160791739732043	0.9934455719328931	1.654622260156718	1.1459999547677846	1.0406466586185892	1.0088952864758995	1.6805016933135262	0.756329157017771	0.8015542024154115	0.47840178534136807	0.33121163237649637	0.7699303841459836	0.1720825863098015	2.029163829740251	0.5069685072369777	2.3623809323837097	0.48481359192954804	0.6512004766791327	0.17328880808605318	0.5605356003604544	1.5771398578069418	0.8406560467041655	0.38928446101683206	0.7316762926231595	1.5256080209531686	1.1736847023952726	2.964779484312817	0.6687248648659925	0.36595673790577726	0.7892591562662716	2.2558569272664384	2.721961707269013	2.7537577655260024	4.590624187407176	1.6016095210044499	1.6588067115152259	1.7345669325680018	1.4083559819462097	1.5106786488514683	0.41363798781306055	1.9757495648777663	2.078483023408148	0.7725565257744904	0.7318749604828306	0.20905460623236127	2.2428261398322777	1.7328453152922767	0.0	2.09539294357615	0.3725334062512834
S232	1.9705723026926505	4.4009877495828125	1.6837625030040613	2.4978210886603733	1.6240527300400944	3.9266641631250834	1.1016524502560066	2.84835948857124	2.603670745284325	1.5445902741531161	2.584176429598144	2.4001340436536105	3.2227994009159353	2.776259955844767	3.7856702685658505	1.8275066230479537	3.2863685116138535	4.801038278194599	2.292295766977858	2.0029440170156056	2.9260332286786555	2.8544126920171013	3.4990366943420863	1.5543590655254522	2.8479240988927192	2.927533941087997	3.248305002626121	1.42978511555796	1.852304756214513	1.717950067846912	2.4025860436552864	2.686870771641616	1.9802614193237345	0.16568440092357334	1.7013192293104566	3.2899016735763547	1.9729743158667201	1.4540142154512326	2.146252614175614	2.6166958952895465	3.3279873146679178	1.2766413497076678	2.413370939380779	1.6392934469597205	3.128797920791538	1.1397840307269986	4.595578076944423	2.7304176616788767	2.3171946944904676	1.629424606272102	1.8267600705344993	3.4315817524645897	4.16376942069237	3.8330264614714737	3.5741832225024743	2.2752729662518423	3.672598227689465	3.351908665447396	1.8084091993829816	1.8064497207374708	3.1206178244391043	4.000825416640169	2.8287344388020244	1.6424976098640751	1.9577002987587862	2.9660323705202716	1.0717109746331654	2.09539294357615	0.0	2.0797071818583928
S351	0.4485696114972318	2.446389088968613	0.5059200008871906	0.4943643131587926	1.3021683784239741	4.627048244527337	1.0485445665212167	1.1433829742007173	0.9981908074846717	0.5737349227964562	0.9159132258695019	1.5693386589489655	1.9028230601495342	0.9833972334554628	1.7808740835761458	1.1593859487444655	1.2605920613537864	3.124025246899184	0.8643787634214789	0.5133948903228948	1.160647420795791	0.8336686604731006	1.4970905309303728	0.875872417724601	0.8654413710581703	0.8774592943193075	1.421847439531164	0.6523053324521998	0.48985926063742175	0.724468844621412	0.6074104394229697	0.6257309925804992	0.31078140420913236	2.012970049545709	0.752496316194778	2.018072212956466	0.8306492752015463	0.7513692553881098	0.41418755334512636	0.6567430482349007	1.3801354113866724	0.9100101559411798	0.47177808001607435	0.9909740450373516	1.3013403360428908	1.0254056985669513	2.747219808502553	0.9033650311197736	0.32212061450872814	1.051301970185301	1.9573196859492652	2.367558938294239	2.4828692379506707	4.274738849106401	1.5160654265947717	1.3040588684084722	1.6528405215753696	1.329124305389807	1.1946759458310046	0.6655786208352682	1.6471281041604904	1.9766933247598728	0.8614687990650894	0.9969757167313205	0.4506685972607048	1.8876225529592756	1.5339813604630188	0.3725334062512834	2.0797071818583928	0.0
